task,method,method_group,time_step,quality_score,runtime_sec,objective,valid,n_solution_edges,reference_similarity,quality_gap_to_baseline,speedup_vs_full_recompute,reused_solution_rate,changed_edges_ratio,n_changed_edges,n_recomputed_edges,gpu_used,n_queries,n_recomputed_queries,mean_path_risk,n_solution_nodes,coverage_rate,n_repaired_edges,precision_at_k,recall_at_k,roc_auc,average_precision,subgraph_node_precision,subgraph_node_recall,subgraph_edge_precision,subgraph_edge_recall,n_candidate_nodes,n_candidate_edges
MST/MSF,classical_kruskal_full_recompute,classical,0,5255.823388545542,0.1534840600000109,5255.823388545542,True,5000.0,1.0,0.0,1.0,0.0,51016.0,51016,,,,,,,,,,,,,,,,,,
MST/MSF,dynamic_delta_aware_warm_start_msf,dynamic,0,5255.823388545542,0.14012280100001817,5255.823388545542,True,5000.0,1.0,0.0,1.0953539245906954,0.0,51016.0,51016,49092.0,,,,,,,,,,,,,,,,,
MST/MSF,learned_edge_ranking_msf_practical_adaptation,ai_ml,0,5255.823388545542,0.3419939720000116,5255.823388545542,True,5000.0,1.0,0.0,0.4487917114515858,,51016.0,51016,,,,,,,,,,,,,,,,,,
MST/MSF,graph_ai_message_passing_msf,graph_ai,0,5255.883666769025,1.3855440939999824,5255.883666769025,True,5000.0,0.9940179461615155,1.1468844941432428e-05,0.11077529806858162,,51016.0,51016,,True,,,,,,,,,,,,,,,,
MST/MSF,classical_kruskal_full_recompute,classical,1,5234.667595494063,0.132220019999977,5234.667595494063,True,5000.0,1.0,0.0,1.0,0.0,1.0354753031769235,50292,,,,,,,,,,,,,,,,,,
MST/MSF,dynamic_delta_aware_warm_start_msf,dynamic,1,5234.667595494063,0.16920943499999908,5234.667595494063,True,5000.0,1.0,0.0,0.7813986259098243,0.0,1.0354753031769235,50292,5000.0,,,,,,,,,,,,,,,,,
MST/MSF,learned_edge_ranking_msf_practical_adaptation,ai_ml,1,5443.611133367451,0.39651675100000716,5443.611133367451,True,5000.0,0.7352073572791948,0.039915340193376156,0.33345380659586465,,1.0354753031769235,50292,,,,,,,,,,,,,,,,,,
MST/MSF,graph_ai_message_passing_msf,graph_ai,1,5234.770254885454,0.7479135289999874,5234.770254885454,True,5000.0,0.9908421262193908,1.9611444187886738e-05,0.17678516950584436,,1.0354753031769235,50292,,True,,,,,,,,,,,,,,,,
MST/MSF,classical_kruskal_full_recompute,classical,2,5233.197875506731,0.13749792600000887,5233.197875506731,True,5001.0,1.0,0.0,1.0,0.0,1.0354133644781847,49646,,,,,,,,,,,,,,,,,,
MST/MSF,dynamic_delta_aware_warm_start_msf,dynamic,2,5233.197875506731,0.16788762100000554,5233.197875506731,True,5001.0,1.0,0.0,0.8189878752287778,0.0,1.0354133644781847,49646,5001.0,,,,,,,,,,,,,,,,,
MST/MSF,learned_edge_ranking_msf_practical_adaptation,ai_ml,2,5462.321126648235,0.4388600229999895,5462.321126648235,True,5001.0,0.7358556056924679,0.043782646212153345,0.3133070199925961,,1.0354133644781847,49646,,,,,,,,,,,,,,,,,,
MST/MSF,graph_ai_message_passing_msf,graph_ai,2,5233.29558242838,0.7467786300000228,5233.29558242838,True,5001.0,0.990843949044586,1.86705956803305e-05,0.18412139886756626,,1.0354133644781847,49646,,True,,,,,,,,,,,,,,,,
MST/MSF,classical_kruskal_full_recompute,classical,3,5228.393909752226,0.12972609999997076,5228.393909752226,True,5003.0,1.0,0.0,1.0,0.0,1.0354298269706124,49010,,,,,,,,,,,,,,,,,,
MST/MSF,dynamic_delta_aware_warm_start_msf,dynamic,3,5228.393909752226,0.17192162599997118,5228.393909752226,True,5003.0,1.0,0.0,0.7545653389759849,0.0,1.0354298269706124,49010,5003.0,,,,,,,,,,,,,,,,,
MST/MSF,learned_edge_ranking_msf_practical_adaptation,ai_ml,3,5469.9293795359135,0.40748891200001935,5469.9293795359135,True,5003.0,0.7489949309561266,0.04619687689046631,0.31835492004740634,,1.0354298269706124,49010,,,,,,,,,,,,,,,,,,
MST/MSF,graph_ai_message_passing_msf,graph_ai,3,5228.463788124363,0.21992885499997783,5228.463788124363,True,5003.0,0.99481658692185,1.336516975259684e-05,0.5898548419214197,,1.0354298269706124,49010,,True,,,,,,,,,,,,,,,,
MST/MSF,classical_kruskal_full_recompute,classical,4,5234.91776867037,0.680128510999964,5234.91776867037,True,5006.0,1.0,0.0,1.0,0.0,1.03544732163893,48344,,,,,,,,,,,,,,,,,,
MST/MSF,dynamic_delta_aware_warm_start_msf,dynamic,4,5234.91776867037,0.1619143890000032,5234.91776867037,True,5006.0,1.0,0.0,4.200543973889501,0.0,1.03544732163893,48344,5006.0,,,,,,,,,,,,,,,,,
MST/MSF,learned_edge_ranking_msf_practical_adaptation,ai_ml,4,5462.6799918216675,0.38673770199994806,5462.6799918216675,True,5006.0,0.7430362116991643,0.043508271422026124,1.7586299641405412,,1.03544732163893,48344,,,,,,,,,,,,,,,,,,
MST/MSF,graph_ai_message_passing_msf,graph_ai,4,5235.001381763384,0.20992114599999923,5235.001381763384,True,5006.0,0.9908530522966793,1.5972188429610482e-05,3.2399237711858073,,1.03544732163893,48344,,True,,,,,,,,,,,,,,,,
MST/MSF,classical_kruskal_full_recompute,classical,5,5230.303169632541,0.6645898180000245,5230.303169632541,True,5007.0,1.0,0.0,1.0,0.0,1.035459299928387,47715,,,,,,,,,,,,,,,,,,
MST/MSF,dynamic_delta_aware_warm_start_msf,dynamic,5,5230.303169632541,0.16832759800001895,5230.303169632541,True,5007.0,1.0,0.0,3.94819284476423,0.0,1.035459299928387,47715,5007.0,,,,,,,,,,,,,,,,,
MST/MSF,learned_edge_ranking_msf_practical_adaptation,ai_ml,5,5441.631135581721,0.3966402020000146,5441.631135581721,True,5007.0,0.7379382158972579,0.04040453470769401,1.6755483046068034,,1.035459299928387,47715,,,,,,,,,,,,,,,,,,
MST/MSF,graph_ai_message_passing_msf,graph_ai,5,5230.372668372782,0.20217064600001322,5230.372668372782,True,5007.0,0.9920429679729461,1.3287707803388759e-05,3.2872715755183424,,1.035459299928387,47715,,True,,,,,,,,,,,,,,,,
MST/MSF,classical_kruskal_full_recompute,classical,6,5239.08253834771,0.127014029999998,5239.08253834771,True,5008.0,1.0,0.0,1.0,0.0,1.035393566802064,47157,,,,,,,,,,,,,,,,,,
MST/MSF,dynamic_delta_aware_warm_start_msf,dynamic,6,5239.08253834771,0.7063278589999982,5239.08253834771,True,5008.0,1.0,0.0,0.17982305013400063,0.0,1.035393566802064,47157,5008.0,,,,,,,,,,,,,,,,,
MST/MSF,learned_edge_ranking_msf_practical_adaptation,ai_ml,6,5504.6947529496665,0.3962630249999961,5504.6947529496665,True,5008.0,0.740702120264164,0.05069823058861834,0.32052960278087833,,1.035393566802064,47157,,,,,,,,,,,,,,,,,,
MST/MSF,graph_ai_message_passing_msf,graph_ai,6,5239.194318972749,0.19948780999999371,5239.194318972749,True,5008.0,0.9912524850894632,2.13359160159069e-05,0.6367007086799038,,1.035393566802064,47157,,True,,,,,,,,,,,,,,,,
MST/MSF,classical_kruskal_full_recompute,classical,7,5254.304872086287,0.12789403400000765,5254.304872086287,True,5013.0,1.0,0.0,1.0,0.0,1.0354072724849508,46613,,,,,,,,,,,,,,,,,,
MST/MSF,dynamic_delta_aware_warm_start_msf,dynamic,7,5254.304872086287,0.15595932799999446,5254.304872086287,True,5013.0,1.0,0.0,0.8200473523456846,0.0,1.0354072724849508,46613,5013.0,,,,,,,,,,,,,,,,,
MST/MSF,learned_edge_ranking_msf_practical_adaptation,ai_ml,7,5534.511607581801,0.38545150300001296,5534.511607581801,True,5013.0,0.744865993734772,0.053328983056183936,0.3318031788813737,,1.0354072724849508,46613,,,,,,,,,,,,,,,,,,
MST/MSF,graph_ai_message_passing_msf,graph_ai,7,5254.390815769858,0.1941694279999524,5254.390815769858,True,5013.0,0.993636905945516,1.635681325371568e-05,0.6586723528898638,,1.0354072724849508,46613,,True,,,,,,,,,,,,,,,,
MST/MSF,classical_kruskal_full_recompute,classical,8,5259.431398953544,0.12612726800000473,5259.431398953544,True,5013.0,1.0,0.0,1.0,0.0,1.0354274917335853,46032,,,,,,,,,,,,,,,,,,
MST/MSF,dynamic_delta_aware_warm_start_msf,dynamic,8,5259.431398953544,0.14962812499999245,5259.431398953544,True,5013.0,1.0,0.0,0.8429382377144076,0.0,1.0354274917335853,46032,5013.0,,,,,,,,,,,,,,,,,
MST/MSF,learned_edge_ranking_msf_practical_adaptation,ai_ml,8,5522.697877858363,0.38434856700001774,5522.697877858363,True,5013.0,0.7427429167390927,0.05005607240303599,0.32815854885182627,,1.0354274917335853,46032,,,,,,,,,,,,,,,,,,
MST/MSF,graph_ai_message_passing_msf,graph_ai,8,5259.529035063514,0.7401067119999993,5259.529035063514,True,5013.0,0.9920524538048877,1.8564004844626342e-05,0.17041767890358606,,1.0354274917335853,46032,,True,,,,,,,,,,,,,,,,
MST/MSF,classical_kruskal_full_recompute,classical,9,5265.579233498482,0.1186781039999687,5265.579233498482,True,5014.0,1.0,0.0,1.0,0.0,1.035398028637119,45484,,,,,,,,,,,,,,,,,,
MST/MSF,dynamic_delta_aware_warm_start_msf,dynamic,9,5265.579233498482,0.15406926700006807,5265.579233498482,True,5014.0,1.0,0.0,0.7702905732647918,0.0,1.035398028637119,45484,5014.0,,,,,,,,,,,,,,,,,
MST/MSF,learned_edge_ranking_msf_practical_adaptation,ai_ml,9,5527.0982631404595,0.3745489919999727,5527.0982631404595,True,5014.0,0.7352483128568956,0.049665766679238256,0.316856022936453,,1.035398028637119,45484,,,,,,,,,,,,,,,,,,
MST/MSF,graph_ai_message_passing_msf,graph_ai,9,5265.661058764143,0.7640211760000284,5265.661058764143,True,5014.0,0.9912629070691025,1.5539651391119e-05,0.1553335270382143,,1.035398028637119,45484,,True,,,,,,,,,,,,,,,,
MST/MSF,classical_kruskal_full_recompute,classical,10,5277.672076769063,0.12382117600009224,5277.672076769063,True,5018.0,1.0,0.0,1.0,0.0,1.0353666674336732,44996,,,,,,,,,,,,,,,,,,
MST/MSF,dynamic_delta_aware_warm_start_msf,dynamic,10,5277.672076769063,0.1488583179999523,5277.672076769063,True,5018.0,1.0,0.0,0.8318055562076948,0.0,1.0353666674336732,44996,5018.0,,,,,,,,,,,,,,,,,
MST/MSF,learned_edge_ranking_msf_practical_adaptation,ai_ml,10,5563.0749808678465,0.3910843840000098,5563.0749808678465,True,5018.0,0.7381364738482854,0.054077422762784495,0.3166098700583482,,1.0353666674336732,44996,,,,,,,,,,,,,,,,,,
MST/MSF,graph_ai_message_passing_msf,graph_ai,10,5277.7397009524975,0.19554226000002473,5277.7397009524975,True,5018.0,0.9932472691161867,1.2813259795371194e-05,0.6332195199138876,,1.0353666674336732,44996,,True,,,,,,,,,,,,,,,,
MST/MSF,classical_kruskal_full_recompute,classical,11,5286.854114743266,0.6876727789999677,5286.854114743266,True,5023.0,1.0,0.0,1.0,0.0,1.035366335712791,44528,,,,,,,,,,,,,,,,,,
MST/MSF,dynamic_delta_aware_warm_start_msf,dynamic,11,5286.854114743266,0.159215814999925,5286.854114743266,True,5023.0,1.0,0.0,4.31912356822274,0.0,1.035366335712791,44528,5023.0,,,,,,,,,,,,,,,,,
MST/MSF,learned_edge_ranking_msf_practical_adaptation,ai_ml,11,5584.867095528532,0.38769105400001536,5584.867095528532,True,5023.0,0.7347608357796581,0.05636867867305207,1.7737648880593992,,1.035366335712791,44528,,,,,,,,,,,,,,,,,,
MST/MSF,graph_ai_message_passing_msf,graph_ai,11,5286.984503038666,0.19310097699997186,5286.984503038666,True,5023.0,0.9897009308774015,2.4662737531609985e-05,3.561208180733689,,1.035366335712791,44528,,True,,,,,,,,,,,,,,,,
MST/MSF,classical_kruskal_full_recompute,classical,12,5309.003745945835,0.1231806340000503,5309.003745945835,True,5027.0,1.0,0.0,1.0,0.0,1.035397605663617,44022,,,,,,,,,,,,,,,,,,
MST/MSF,dynamic_delta_aware_warm_start_msf,dynamic,12,5309.003745945835,0.6782472060000373,5309.003745945835,True,5027.0,1.0,0.0,0.18161613186216874,0.0,1.035397605663617,44022,5027.0,,,,,,,,,,,,,,,,,
MST/MSF,learned_edge_ranking_msf_practical_adaptation,ai_ml,12,5706.684764199213,0.3754427820000501,5706.684764199213,True,5027.0,0.7376425855513308,0.07490690104655928,0.32809429267449297,,1.035397605663617,44022,,,,,,,,,,,,,,,,,,
MST/MSF,graph_ai_message_passing_msf,graph_ai,12,5309.069461338056,0.19670519299995703,5309.069461338056,True,5027.0,0.9924692826000793,1.2378102439729826e-05,0.6262195324964156,,1.035397605663617,44022,,True,,,,,,,,,,,,,,,,
MST/MSF,classical_kruskal_full_recompute,classical,13,5320.912752066718,0.12465211900007489,5320.912752066718,True,5030.0,1.0,0.0,1.0,0.0,1.0353797137286604,43546,,,,,,,,,,,,,,,,,,
MST/MSF,dynamic_delta_aware_warm_start_msf,dynamic,13,5320.912752066718,0.1494359920000079,5320.912752066718,True,5030.0,1.0,0.0,0.8341505773258981,0.0,1.0353797137286604,43546,5030.0,,,,,,,,,,,,,,,,,
MST/MSF,learned_edge_ranking_msf_practical_adaptation,ai_ml,13,5742.267815647535,0.3886720760000344,5742.267815647535,True,5030.0,0.7309015829318651,0.07918849325562737,0.3207128237328371,,1.0353797137286604,43546,,,,,,,,,,,,,,,,,,
MST/MSF,graph_ai_message_passing_msf,graph_ai,13,5320.972069809252,0.7394425899999533,5320.972069809252,True,5030.0,0.9912905779889153,1.1148038935869405e-05,0.1685757903126499,,1.0353797137286604,43546,,True,,,,,,,,,,,,,,,,
MST/MSF,classical_kruskal_full_recompute,classical,14,5350.824310093264,0.12846144999991793,5350.824310093264,True,5035.0,1.0,0.0,1.0,0.0,1.0353217833661275,43146,,,,,,,,,,,,,,,,,,
MST/MSF,dynamic_delta_aware_warm_start_msf,dynamic,14,5350.824310093264,0.15897864900000513,5350.824310093264,True,5035.0,1.0,0.0,0.80804215413803,0.0,1.0353217833661275,43146,5035.0,,,,,,,,,,,,,,,,,
MST/MSF,learned_edge_ranking_msf_practical_adaptation,ai_ml,14,5698.491323384558,0.3855054379999956,5698.491323384558,True,5035.0,0.7359076021375625,0.06497447741565529,0.33322863269160785,,1.0353217833661275,43146,,,,,,,,,,,,,,,,,,
MST/MSF,graph_ai_message_passing_msf,graph_ai,14,5350.883347629416,0.7583215409999866,5350.883347629416,True,5035.0,0.9948494453248812,1.1033353504113556e-05,0.1694023485479759,,1.0353217833661275,43146,,True,,,,,,,,,,,,,,,,
MST/MSF,classical_kruskal_full_recompute,classical,15,5353.238851493334,0.12122624800008452,5353.238851493334,True,5039.0,1.0,0.0,1.0,0.0,1.03532575775931,42731,,,,,,,,,,,,,,,,,,
MST/MSF,dynamic_delta_aware_warm_start_msf,dynamic,15,5353.238851493334,0.15997423199996774,5353.238851493334,True,5039.0,1.0,0.0,0.7577860914507092,0.0,1.03532575775931,42731,5039.0,,,,,,,,,,,,,,,,,
MST/MSF,learned_edge_ranking_msf_practical_adaptation,ai_ml,15,5674.824155631793,0.3909211550001146,5674.824155631793,True,5039.0,0.7490454703228046,0.06007303485977463,0.3101040873575875,,1.03532575775931,42731,,,,,,,,,,,,,,,,,,
MST/MSF,graph_ai_message_passing_msf,graph_ai,15,5353.373074650609,0.19974895499990453,5353.373074650609,True,5039.0,0.990519454868655,2.507326144019485e-05,0.6068930273009061,,1.03532575775931,42731,,True,,,,,,,,,,,,,,,,
MST/MSF,classical_kruskal_full_recompute,classical,16,5390.335485938442,0.6630501250001544,5390.335485938442,True,5042.0,1.0,0.0,1.0,0.0,1.0353497025630982,42293,,,,,,,,,,,,,,,,,,
MST/MSF,dynamic_delta_aware_warm_start_msf,dynamic,16,5390.335485938442,0.14872239200008153,5390.335485938442,True,5042.0,1.0,0.0,4.45830729376509,0.0,1.0353497025630982,42293,5042.0,,,,,,,,,,,,,,,,,
MST/MSF,learned_edge_ranking_msf_practical_adaptation,ai_ml,16,5696.015689184458,0.3676367430000482,5696.015689184458,True,5042.0,0.7506944444444444,0.05670893844055392,1.8035469457960773,,1.0353497025630982,42293,,,,,,,,,,,,,,,,,,
MST/MSF,graph_ai_message_passing_msf,graph_ai,16,5390.448863177275,0.18827072100020814,5390.448863177275,True,5042.0,0.9920979849861715,2.1033429019166702e-05,3.521790969289491,,1.0353497025630982,42293,,True,,,,,,,,,,,,,,,,
MST/MSF,classical_kruskal_full_recompute,classical,17,5405.848661845128,0.11516265599993858,5405.848661845128,True,5047.0,1.0,0.0,1.0,0.0,1.0353249449978987,41882,,,,,,,,,,,,,,,,,,
MST/MSF,dynamic_delta_aware_warm_start_msf,dynamic,17,5405.848661845128,0.1441594189998341,5405.848661845128,True,5047.0,1.0,0.0,0.7988562717505897,0.0,1.0353249449978987,41882,5047.0,,,,,,,,,,,,,,,,,
MST/MSF,learned_edge_ranking_msf_practical_adaptation,ai_ml,17,5774.929363182455,0.38476796000009017,5774.929363182455,True,5047.0,0.7481815032906131,0.06827433108557501,0.2993041728316245,,1.0353249449978987,41882,,,,,,,,,,,,,,,,,,
MST/MSF,graph_ai_message_passing_msf,graph_ai,17,5405.939170060966,0.1834629509999104,5405.939170060966,True,5047.0,0.9932859399684044,1.67426469920783e-05,0.627716143081089,,1.0353249449978987,41882,,True,,,,,,,,,,,,,,,,
MST/MSF,classical_kruskal_full_recompute,classical,18,5444.973021429135,0.11709860399992067,5444.973021429135,True,5056.0,1.0,0.0,1.0,0.0,1.035237240829346,41542,,,,,,,,,,,,,,,,,,
MST/MSF,dynamic_delta_aware_warm_start_msf,dynamic,18,5444.973021429135,0.1432301519998873,5444.973021429135,True,5056.0,1.0,0.0,0.8175555381663827,0.0,1.035237240829346,41542,5056.0,,,,,,,,,,,,,,,,,
MST/MSF,learned_edge_ranking_msf_practical_adaptation,ai_ml,18,5831.293904255003,0.3738321519999772,5831.293904255003,True,5056.0,0.7344768439108061,0.0709500086236371,0.31323845039398274,,1.035237240829346,41542,,,,,,,,,,,,,,,,,,
MST/MSF,graph_ai_message_passing_msf,graph_ai,18,5445.047777327148,0.7267989879999277,5445.047777327148,True,5056.0,0.9909430990352431,1.3729342224226564e-05,0.16111552978652788,,1.035237240829346,41542,,True,,,,,,,,,,,,,,,,
MST/MSF,classical_kruskal_full_recompute,classical,19,5500.7793069899835,0.11483359599992582,5500.7793069899835,True,5064.0,1.0,0.0,1.0,0.0,1.03527252614642,41179,,,,,,,,,,,,,,,,,,
MST/MSF,dynamic_delta_aware_warm_start_msf,dynamic,19,5500.7793069899835,0.1423879220001254,5500.7793069899835,True,5064.0,1.0,0.0,0.8064841061436706,0.0,1.03527252614642,41179,5064.0,,,,,,,,,,,,,,,,,
MST/MSF,learned_edge_ranking_msf_practical_adaptation,ai_ml,19,5862.798517392736,0.3717504280000412,5862.798517392736,True,5064.0,0.7405052414504211,0.06581234952340764,0.3088997008496063,,1.03527252614642,41179,,,,,,,,,,,,,,,,,,
MST/MSF,graph_ai_message_passing_msf,graph_ai,19,5500.852057211993,0.1826454960000774,5500.852057211993,True,5064.0,0.9929161747343566,1.3225439151376115e-05,0.6287239407199899,,1.03527252614642,41179,,True,,,,,,,,,,,,,,,,
Shortest Path,classical_dijkstra_full_recompute,classical,0,7.14426285179375,0.5203823560000274,7.14426285179375,True,,1.0,0.0,1.0,0.0,51016.0,51016,,,300.0,,,,,,,,,,,,,,,
Shortest Path,dynamic_affected_query_path_reuse,dynamic,0,7.14426285179375,0.534229514999879,7.14426285179375,True,,1.0,0.0,0.9740801310840065,0.0,51016.0,51016,,,300.0,300.0,,,,,,,,,,,,,,
Shortest Path,ai_risk_aware_routing_proxy_inspired_by_gnn_rl,ai_ml,0,7.671882759003732,0.42550855799981946,7.671882759003732,True,,0.4633333333333333,0.07385225294132478,1.2229656635960027,,51016.0,51016,,,300.0,,0.16463763387326819,,,,,,,,,,,,,
Shortest Path,graph_ai_message_passing_routing,graph_ai,0,7.145464581223849,0.4686630979999791,7.145464581223849,True,,0.9766666666666667,0.00016820901680538196,1.1103548758602082,,51016.0,51016,,True,300.0,,0.15725405971589185,,,,,,,,,,,,,
Shortest Path,classical_dijkstra_full_recompute,classical,1,7.0737341409862715,0.4922262799998407,7.0737341409862715,True,,1.0,0.0,1.0,0.0,1.0354753031769235,50292,,,300.0,,,,,,,,,,,,,,,
Shortest Path,dynamic_affected_query_path_reuse,dynamic,1,7.0737341409862715,0.47875646199986477,7.0737341409862715,True,,1.0,0.0,1.0281350103217608,0.0,1.0354753031769235,50292,,,300.0,300.0,,,,,,,,,,,,,,
Shortest Path,ai_risk_aware_routing_proxy_inspired_by_gnn_rl,ai_ml,1,7.648817272862271,0.3942968100000144,7.648817272862271,True,,0.4533333333333333,0.08129838080058477,1.2483648548914783,,1.0354753031769235,50292,,,300.0,,0.1614036034777013,,,,,,,,,,,,,
Shortest Path,graph_ai_message_passing_routing,graph_ai,1,7.074386814521584,0.44993850200012275,7.074386814521584,True,,0.98,9.226718481414522e-05,1.09398568429182,,1.0354753031769235,50292,,True,300.0,,0.1551502472668239,,,,,,,,,,,,,
Shortest Path,classical_dijkstra_full_recompute,classical,2,7.115032209346807,0.47168606699983684,7.115032209346807,True,,1.0,0.0,1.0,0.0,1.0354133644781847,49646,,,300.0,,,,,,,,,,,,,,,
Shortest Path,dynamic_affected_query_path_reuse,dynamic,2,7.115032209346807,0.45695778899994366,7.115032209346807,True,,1.0,0.0,1.0322311564753632,0.0,1.0354133644781847,49646,,,300.0,300.0,,,,,,,,,,,,,,
Shortest Path,ai_risk_aware_routing_proxy_inspired_by_gnn_rl,ai_ml,2,7.721752985975222,0.39113668300001336,7.721752985975222,True,,0.46,0.08527308925339565,1.2059366648559033,,1.0354133644781847,49646,,,300.0,,0.16057376486015607,,,,,,,,,,,,,
Shortest Path,graph_ai_message_passing_routing,graph_ai,2,7.117528136242857,0.40227954600004523,7.117528136242857,True,,0.96,0.00035079628912592216,1.1725330598831485,,1.0354133644781847,49646,,True,300.0,,0.15227929633356543,,,,,,,,,,,,,
Shortest Path,classical_dijkstra_full_recompute,classical,3,7.1438457935110184,0.46288073599998825,7.1438457935110184,True,,1.0,0.0,1.0,0.0,1.0354298269706124,49010,,,300.0,,,,,,,,,,,,,,,
Shortest Path,dynamic_affected_query_path_reuse,dynamic,3,7.1438457935110184,0.4574761110000054,7.1438457935110184,True,,1.0,0.0,1.0118140048628306,0.0,1.0354298269706124,49010,,,300.0,300.0,,,,,,,,,,,,,,
Shortest Path,ai_risk_aware_routing_proxy_inspired_by_gnn_rl,ai_ml,3,7.802858309723585,0.4144528000001628,7.802858309723585,True,,0.43,0.09224898398719196,1.1168478919669655,,1.0354298269706124,49010,,,300.0,,0.1654964324931676,,,,,,,,,,,,,
Shortest Path,graph_ai_message_passing_routing,graph_ai,3,7.14429046351189,0.4112407570000869,7.14429046351189,True,,0.98,6.22451846980612e-05,1.1255711602531906,,1.0354298269706124,49010,,True,300.0,,0.15363217609380295,,,,,,,,,,,,,
Shortest Path,classical_dijkstra_full_recompute,classical,4,7.147224359436583,0.4569036989998949,7.147224359436583,True,,1.0,0.0,1.0,0.0,1.03544732163893,48344,,,300.0,,,,,,,,,,,,,,,
Shortest Path,dynamic_affected_query_path_reuse,dynamic,4,7.147224359436583,0.4605568970000604,7.147224359436583,True,,1.0,0.0,0.9920678682178871,0.0,1.03544732163893,48344,,,300.0,300.0,,,,,,,,,,,,,,
Shortest Path,ai_risk_aware_routing_proxy_inspired_by_gnn_rl,ai_ml,4,7.776712816962602,0.42081245800000033,7.776712816962602,True,,0.42,0.08807453437429824,1.0857656191345326,,1.03544732163893,48344,,,300.0,,0.16247341684833475,,,,,,,,,,,,,
Shortest Path,graph_ai_message_passing_routing,graph_ai,4,7.148774299310005,0.42788246700001764,7.148774299310005,True,,0.97,0.00021685899245280435,1.0678252422992505,,1.03544732163893,48344,,True,300.0,,0.1550635659693323,,,,,,,,,,,,,
Shortest Path,classical_dijkstra_full_recompute,classical,5,7.254555610881959,0.4965821270000106,7.254555610881959,True,,1.0,0.0,1.0,0.0,1.035459299928387,47715,,,300.0,,,,,,,,,,,,,,,
Shortest Path,dynamic_affected_query_path_reuse,dynamic,5,7.254555610881959,0.44864122800004225,7.254555610881959,True,,1.0,0.0,1.106857988093693,0.0,1.035459299928387,47715,,,300.0,300.0,,,,,,,,,,,,,,
Shortest Path,ai_risk_aware_routing_proxy_inspired_by_gnn_rl,ai_ml,5,7.943931469332977,0.39412562100005744,7.943931469332977,True,,0.42,0.09502661436862406,1.25995900936351,,1.035459299928387,47715,,,300.0,,0.16097262411194116,,,,,,,,,,,,,
Shortest Path,graph_ai_message_passing_routing,graph_ai,5,7.255262621472439,0.40895062799995685,7.255262621472439,True,,0.9833333333333333,9.745746375137183e-05,1.2142838108077512,,1.035459299928387,47715,,True,300.0,,0.15468870111450012,,,,,,,,,,,,,
Shortest Path,classical_dijkstra_full_recompute,classical,6,7.380254426124499,0.4522822270000688,7.380254426124499,True,,1.0,0.0,1.0,0.0,1.035393566802064,47157,,,300.0,,,,,,,,,,,,,,,
Shortest Path,dynamic_affected_query_path_reuse,dynamic,6,7.380254426124499,0.45612440399986554,7.380254426124499,True,,1.0,0.0,0.991576471317685,0.0,1.035393566802064,47157,,,300.0,300.0,,,,,,,,,,,,,,
Shortest Path,ai_risk_aware_routing_proxy_inspired_by_gnn_rl,ai_ml,6,8.10794729305899,0.41848957100000916,8.10794729305899,True,,0.3933333333333333,0.09859997026100019,1.0807490994800892,,1.035393566802064,47157,,,300.0,,0.16373890820405143,,,,,,,,,,,,,
Shortest Path,graph_ai_message_passing_routing,graph_ai,6,7.38189151239176,0.4255635219999476,7.38189151239176,True,,0.9733333333333334,0.0002218197602328758,1.0627842933401714,,1.035393566802064,47157,,True,300.0,,0.15483282885535996,,,,,,,,,,,,,
Shortest Path,classical_dijkstra_full_recompute,classical,7,7.36634543139881,0.45163955699990765,7.36634543139881,True,,1.0,0.0,1.0,0.0,1.0354072724849508,46613,,,300.0,,,,,,,,,,,,,,,
Shortest Path,dynamic_affected_query_path_reuse,dynamic,7,7.36634543139881,0.4416551879999133,7.36634543139881,True,,1.0,0.0,1.022606706026051,0.0,1.0354072724849508,46613,,,300.0,300.0,,,,,,,,,,,,,,
Shortest Path,ai_risk_aware_routing_proxy_inspired_by_gnn_rl,ai_ml,7,8.212097766398127,0.43095485000003464,8.212097766398127,True,,0.38333333333333336,0.11481301588089057,1.047997387661077,,1.0354072724849508,46613,,,300.0,,0.1597588894566283,,,,,,,,,,,,,
Shortest Path,graph_ai_message_passing_routing,graph_ai,7,7.3677422451647,0.4191806960000122,7.3677422451647,True,,0.9733333333333334,0.00018962099712784112,1.0774340548351362,,1.0354072724849508,46613,,True,300.0,,0.15543325436819125,,,,,,,,,,,,,
Shortest Path,classical_dijkstra_full_recompute,classical,8,7.347721190754448,0.43564087599997947,7.347721190754448,True,,1.0,0.0,1.0,0.0,1.0354274917335853,46032,,,300.0,,,,,,,,,,,,,,,
Shortest Path,dynamic_affected_query_path_reuse,dynamic,8,7.347721190754448,0.4372785909999948,7.347721190754448,True,,1.0,0.0,0.9962547560440357,0.0,1.0354274917335853,46032,,,300.0,300.0,,,,,,,,,,,,,,
Shortest Path,ai_risk_aware_routing_proxy_inspired_by_gnn_rl,ai_ml,8,8.114049552554409,0.38937494200013134,8.114049552554409,True,,0.37333333333333335,0.10429469789412033,1.11882103599731,,1.0354274917335853,46032,,,300.0,,0.16218647355522808,,,,,,,,,,,,,
Shortest Path,graph_ai_message_passing_routing,graph_ai,8,7.348630256738306,0.40033419899987166,7.348630256738306,True,,0.9733333333333334,0.00012372080543860225,1.088193007463045,,1.0354274917335853,46032,,True,300.0,,0.15705598033866092,,,,,,,,,,,,,
Shortest Path,classical_dijkstra_full_recompute,classical,9,7.402146148375996,0.44687552599998526,7.402146148375996,True,,1.0,0.0,1.0,0.0,1.035398028637119,45484,,,300.0,,,,,,,,,,,,,,,
Shortest Path,dynamic_affected_query_path_reuse,dynamic,9,7.402146148375996,0.44075146300019696,7.402146148375996,True,,1.0,0.0,1.013894594831522,0.0,1.035398028637119,45484,,,300.0,300.0,,,,,,,,,,,,,,
Shortest Path,ai_risk_aware_routing_proxy_inspired_by_gnn_rl,ai_ml,9,8.162711507751288,0.3738271629999872,8.162711507751288,True,,0.38333333333333336,0.10274930326013047,1.1954067821444012,,1.035398028637119,45484,,,300.0,,0.16124052415163032,,,,,,,,,,,,,
Shortest Path,graph_ai_message_passing_routing,graph_ai,9,7.403630710984975,0.40700756899991575,7.403630710984975,True,,0.96,0.00020055840282270899,1.097953846652119,,1.035398028637119,45484,,True,300.0,,0.1525713569860034,,,,,,,,,,,,,
Shortest Path,classical_dijkstra_full_recompute,classical,10,7.449774451881513,0.427525605000028,7.449774451881513,False,,1.0,0.0,1.0,0.0,1.0353666674336732,44996,,,300.0,,,,,,,,,,,,,,,
Shortest Path,dynamic_affected_query_path_reuse,dynamic,10,7.449774451881513,0.4227974349998931,7.449774451881513,False,,1.0,0.0,1.0111830621681424,0.0,1.0353666674336732,44996,,,300.0,300.0,,,,,,,,,,,,,,
Shortest Path,ai_risk_aware_routing_proxy_inspired_by_gnn_rl,ai_ml,10,8.289775012222586,0.37925524899992524,8.289775012222586,False,,0.36666666666666664,0.11275516671903035,1.1272766985490352,,1.0353666674336732,44996,,,300.0,,0.1677720146249427,,,,,,,,,,,,,
Shortest Path,graph_ai_message_passing_routing,graph_ai,10,7.4513323311029325,0.3890142760001254,7.4513323311029325,False,,0.96,0.00020911763590719158,1.0989972126367162,,1.0353666674336732,44996,,True,300.0,,0.15053433061294155,,,,,,,,,,,,,
Shortest Path,classical_dijkstra_full_recompute,classical,11,7.509607294378471,0.4469115879999208,7.509607294378471,False,,1.0,0.0,1.0,0.0,1.035366335712791,44528,,,300.0,,,,,,,,,,,,,,,
Shortest Path,dynamic_affected_query_path_reuse,dynamic,11,7.509607294378471,0.4353114309999455,7.509607294378471,False,,1.0,0.0,1.0266479494308909,0.0,1.035366335712791,44528,,,300.0,300.0,,,,,,,,,,,,,,
Shortest Path,ai_risk_aware_routing_proxy_inspired_by_gnn_rl,ai_ml,11,8.288047246446315,0.3774244119999821,8.288047246446315,False,,0.37,0.10365920900425339,1.184108854092729,,1.035366335712791,44528,,,300.0,,0.1647357014558534,,,,,,,,,,,,,
Shortest Path,graph_ai_message_passing_routing,graph_ai,11,7.51101789840049,0.4014456790000622,7.51101789840049,False,,0.9666666666666667,0.00018783991848347745,1.113255444953616,,1.035366335712791,44528,,True,300.0,,0.15559527529692765,,,,,,,,,,,,,
Shortest Path,classical_dijkstra_full_recompute,classical,12,7.566087472032868,0.43739370799994504,7.566087472032868,False,,1.0,0.0,1.0,0.0,1.035397605663617,44022,,,300.0,,,,,,,,,,,,,,,
Shortest Path,dynamic_affected_query_path_reuse,dynamic,12,7.566087472032868,0.4365597250000519,7.566087472032868,False,,1.0,0.0,1.0019103525866777,0.0,1.035397605663617,44022,,,300.0,300.0,,,,,,,,,,,,,,
Shortest Path,ai_risk_aware_routing_proxy_inspired_by_gnn_rl,ai_ml,12,8.389904380355157,0.3782716190000883,8.389904380355157,False,,0.3933333333333333,0.10888281577069105,1.156295333908841,,1.035397605663617,44022,,,300.0,,0.1695578652822864,,,,,,,,,,,,,
Shortest Path,graph_ai_message_passing_routing,graph_ai,12,7.567096287877953,0.4035894459998417,7.567096287877953,False,,0.9666666666666667,0.0001333338860822671,1.0837590336792815,,1.035397605663617,44022,,True,300.0,,0.15814773325120318,,,,,,,,,,,,,
Shortest Path,classical_dijkstra_full_recompute,classical,13,7.560448491107567,0.4055326579998564,7.560448491107567,False,,1.0,0.0,1.0,0.0,1.0353797137286604,43546,,,300.0,,,,,,,,,,,,,,,
Shortest Path,dynamic_affected_query_path_reuse,dynamic,13,7.560448491107567,0.42364629899998363,7.560448491107567,False,,1.0,0.0,0.9572434810763496,0.0,1.0353797137286604,43546,,,300.0,300.0,,,,,,,,,,,,,,
Shortest Path,ai_risk_aware_routing_proxy_inspired_by_gnn_rl,ai_ml,13,8.355380884142388,0.36719510900002206,8.355380884142388,False,,0.42,0.105143549879323,1.1044064805335738,,1.0353797137286604,43546,,,300.0,,0.1650820497663985,,,,,,,,,,,,,
Shortest Path,graph_ai_message_passing_routing,graph_ai,13,7.56137859539652,1.191228325999873,7.56137859539652,False,,0.9766666666666667,0.0001230223696447205,0.3404323496584647,,1.0353797137286604,43546,,True,300.0,,0.15726985344242037,,,,,,,,,,,,,
Shortest Path,classical_dijkstra_full_recompute,classical,14,7.616516357844546,0.47514497099996333,7.616516357844546,False,,1.0,0.0,1.0,0.0,1.0353217833661275,43146,,,300.0,,,,,,,,,,,,,,,
Shortest Path,dynamic_affected_query_path_reuse,dynamic,14,7.616516357844546,0.41737143499995,7.616516357844546,False,,1.0,0.0,1.1384223527420372,0.0,1.0353217833661275,43146,,,300.0,300.0,,,,,,,,,,,,,,
Shortest Path,ai_risk_aware_routing_proxy_inspired_by_gnn_rl,ai_ml,14,8.443580597860546,0.3946007009999448,8.443580597860546,False,,0.44333333333333336,0.10858825756530732,1.204115881689804,,1.0353217833661275,43146,,,300.0,,0.16763755981017814,,,,,,,,,,,,,
Shortest Path,graph_ai_message_passing_routing,graph_ai,14,7.617455885854321,0.4242313089998788,7.617455885854321,False,,0.9733333333333334,0.00012335403295072066,1.120013919104917,,1.0353217833661275,43146,,True,300.0,,0.15754055555445437,,,,,,,,,,,,,
Shortest Path,classical_dijkstra_full_recompute,classical,15,7.683848244141828,0.4331757090001247,7.683848244141828,False,,1.0,0.0,1.0,0.0,1.03532575775931,42731,,,300.0,,,,,,,,,,,,,,,
Shortest Path,dynamic_affected_query_path_reuse,dynamic,15,7.683848244141828,0.4314268949999587,7.683848244141828,False,,1.0,0.0,1.0040535581356518,0.0,1.03532575775931,42731,,,300.0,300.0,,,,,,,,,,,,,,
Shortest Path,ai_risk_aware_routing_proxy_inspired_by_gnn_rl,ai_ml,15,8.488683922073944,0.3661021839998284,8.488683922073944,False,,0.42333333333333334,0.10474382787891781,1.1832098466812964,,1.03532575775931,42731,,,300.0,,0.16544634223804572,,,,,,,,,,,,,
Shortest Path,graph_ai_message_passing_routing,graph_ai,15,7.685199396493729,0.40268165300017245,7.685199396493729,False,,0.97,0.0001758431854678466,1.0757274531202423,,1.03532575775931,42731,,True,300.0,,0.15492141390507536,,,,,,,,,,,,,
Shortest Path,classical_dijkstra_full_recompute,classical,16,7.731097627551899,0.44023515300000327,7.731097627551899,False,,1.0,0.0,1.0,0.0,1.0353497025630982,42293,,,300.0,,,,,,,,,,,,,,,
Shortest Path,dynamic_affected_query_path_reuse,dynamic,16,7.731097627551899,0.45957378100001733,7.731097627551899,False,,1.0,0.0,0.9579205150521558,0.0,1.0353497025630982,42293,,,300.0,300.0,,,,,,,,,,,,,,
Shortest Path,ai_risk_aware_routing_proxy_inspired_by_gnn_rl,ai_ml,16,8.554338453494033,0.36494680500004506,8.554338453494033,False,,0.37666666666666665,0.10648433968913906,1.2062995126096498,,1.0353497025630982,42293,,,300.0,,0.16742385228790327,,,,,,,,,,,,,
Shortest Path,graph_ai_message_passing_routing,graph_ai,16,7.734522677034115,0.39722260299981826,7.734522677034115,False,,0.94,0.00044302240732409855,1.1082832388573938,,1.0353497025630982,42293,,True,300.0,,0.15265139969353364,,,,,,,,,,,,,
Shortest Path,classical_dijkstra_full_recompute,classical,17,7.78206103755114,0.40972171399994295,7.78206103755114,False,,1.0,0.0,1.0,0.0,1.0353249449978987,41882,,,300.0,,,,,,,,,,,,,,,
Shortest Path,dynamic_affected_query_path_reuse,dynamic,17,7.78206103755114,0.4078368269999828,7.78206103755114,False,,1.0,0.0,1.0046216694402643,0.0,1.0353249449978987,41882,,,300.0,300.0,,,,,,,,,,,,,,
Shortest Path,ai_risk_aware_routing_proxy_inspired_by_gnn_rl,ai_ml,17,8.528920462244077,0.37134035799999765,8.528920462244077,False,,0.39666666666666667,0.09597193096906874,1.1033589675161177,,1.0353249449978987,41882,,,300.0,,0.1668246428353252,,,,,,,,,,,,,
Shortest Path,graph_ai_message_passing_routing,graph_ai,17,7.783174075314642,0.37709520199996405,7.783174075314642,False,,0.9633333333333334,0.00014302609014911296,1.086520623510829,,1.0353249449978987,41882,,True,300.0,,0.15100732615783236,,,,,,,,,,,,,
Shortest Path,classical_dijkstra_full_recompute,classical,18,7.874609176645949,0.44201213700011976,7.874609176645949,False,,1.0,0.0,1.0,0.0,1.035237240829346,41542,,,300.0,,,,,,,,,,,,,,,
Shortest Path,dynamic_affected_query_path_reuse,dynamic,18,7.874609176645949,0.4047433440000532,7.874609176645949,False,,1.0,0.0,1.0920800639529769,0.0,1.035237240829346,41542,,,300.0,300.0,,,,,,,,,,,,,,
Shortest Path,ai_risk_aware_routing_proxy_inspired_by_gnn_rl,ai_ml,18,8.594802175854744,0.3355471929999112,8.594802175854744,False,,0.41333333333333333,0.09145761815642872,1.317287541726617,,1.035237240829346,41542,,,300.0,,0.1703439468544971,,,,,,,,,,,,,
Shortest Path,graph_ai_message_passing_routing,graph_ai,18,7.876564093542371,0.3899232189999111,7.876564093542371,False,,0.9533333333333334,0.0002482557359443477,1.1335876281843593,,1.035237240829346,41542,,True,300.0,,0.15416183773413708,,,,,,,,,,,,,
Shortest Path,classical_dijkstra_full_recompute,classical,19,7.9455195680490665,0.4414480550001372,7.9455195680490665,False,,1.0,0.0,1.0,0.0,1.03527252614642,41179,,,300.0,,,,,,,,,,,,,,,
Shortest Path,dynamic_affected_query_path_reuse,dynamic,19,7.9455195680490665,0.4025729110001066,7.9455195680490665,False,,1.0,0.0,1.0965667160849286,0.0,1.03527252614642,41179,,,300.0,300.0,,,,,,,,,,,,,,
Shortest Path,ai_risk_aware_routing_proxy_inspired_by_gnn_rl,ai_ml,19,8.657601270627499,0.32641718599984415,8.657601270627499,False,,0.44333333333333336,0.08962053349435976,1.3524044502986063,,1.03527252614642,41179,,,300.0,,0.17187008926734387,,,,,,,,,,,,,
Shortest Path,graph_ai_message_passing_routing,graph_ai,19,7.947183139052207,0.3620597929998439,7.947183139052207,False,,0.9633333333333334,0.00020937221145740499,1.2192683737194963,,1.03527252614642,41179,,True,300.0,,0.15737507979645585,,,,,,,,,,,,,
MaxCut,classical_random_restarts_local_improvement,classical,0,100923.33164081455,5.769829346999813,100923.33164081455,True,,1.0,0.0,1.0,0.0,51016.0,51016,,,,,,5010.0,,,,,,,,,,,,
MaxCut,dynamic_local_search_warm_start,dynamic,0,101204.44456439507,0.2607213359999605,101204.44456439507,True,,0.9838323353293413,-0.0027854106578744982,22.130253839297172,0.0,51016.0,51016,,,,,,5010.0,,,,,,,,,,,,
MaxCut,learning_augmented_neural_warm_start_maxcut,ai_ml,0,101201.5757972688,0.43515843599993786,101201.5757972688,True,,0.49500998003992014,-0.0027569854455907414,13.259146254953075,,51016.0,51016,,True,,,,5010.0,,,,,,,,,,,,
MaxCut,graph_ai_message_passing_maxcut,graph_ai,0,101196.80875924267,0.3817312620001303,101196.80875924267,True,,0.5155688622754491,-0.002709751194118624,15.11489867706419,,51016.0,51016,,True,,,,5010.0,,,,,,,,,,,,
MaxCut,classical_random_restarts_local_improvement,classical,1,101192.054277388,6.083363533000011,101192.054277388,True,,1.0,0.0,1.0,0.0,1.0354753031769235,50292,,,,,,5020.0,,,,,,,,,,,,
MaxCut,dynamic_local_search_warm_start,dynamic,1,101554.75859622365,0.41649394999967626,101554.75859622365,True,,0.48625498007968126,-0.0035843161938525444,14.606127010979966,0.9268924302788845,1.0354753031769235,50292,,,,,,5020.0,,,,,,,,,,,,
MaxCut,learning_augmented_neural_warm_start_maxcut,ai_ml,1,101440.51997158665,0.3937991909997436,101440.51997158665,True,,0.48764940239043825,-0.002455387391558944,15.447882250738223,,1.0354753031769235,50292,,True,,,,5020.0,,,,,,,,,,,,
MaxCut,graph_ai_message_passing_maxcut,graph_ai,1,100811.72590256584,0.41219726200006335,100811.72590256584,True,,0.5135458167330678,0.0037584806192351916,14.758379285399222,,1.0354753031769235,50292,,True,,,,5020.0,,,,,,,,,,,,
MaxCut,classical_random_restarts_local_improvement,classical,2,100703.38808638486,5.752116218000083,100703.38808638486,True,,1.0,0.0,1.0,0.0,1.0354133644781847,49646,,,,,,5030.0,,,,,,,,,,,,
MaxCut,dynamic_local_search_warm_start,dynamic,2,101378.50602774773,0.4107655290004004,101378.50602774773,True,,0.46819085487077533,-0.006704024106753434,14.003405378240675,0.9357852882703778,1.0354133644781847,49646,,,,,,5030.0,,,,,,,,,,,,
MaxCut,learning_augmented_neural_warm_start_maxcut,ai_ml,2,101378.50602774773,0.3998718640000334,101378.50602774773,True,,0.46819085487077533,-0.006704024106753434,14.384898603417625,,1.0354133644781847,49646,,True,,,,5030.0,,,,,,,,,,,,
MaxCut,graph_ai_message_passing_maxcut,graph_ai,2,100441.7650782327,0.4066781690003154,100441.7650782327,True,,0.48946322067594433,0.0025979563659540464,14.144148017927222,,1.0354133644781847,49646,,True,,,,5030.0,,,,,,,,,,,,
MaxCut,classical_random_restarts_local_improvement,classical,3,100622.78824424256,5.602246767999986,100622.78824424256,True,,1.0,0.0,1.0,0.0,1.0354298269706124,49010,,,,,,5040.0,,,,,,,,,,,,
MaxCut,dynamic_local_search_warm_start,dynamic,3,101222.00412361806,0.2880102999997689,101222.00412361806,True,,0.5059523809523809,-0.005955071309701849,19.451550059162752,0.9509920634920634,1.0354298269706124,49010,,,,,,5040.0,,,,,,,,,,,,
MaxCut,learning_augmented_neural_warm_start_maxcut,ai_ml,3,101249.9200189316,0.323731996999868,101249.9200189316,True,,0.5059523809523809,-0.006232502454283014,17.30519942396139,,1.0354298269706124,49010,,True,,,,5040.0,,,,,,,,,,,,
MaxCut,graph_ai_message_passing_maxcut,graph_ai,3,100216.0207636084,0.42105935600011435,100216.0207636084,True,,0.508531746031746,0.004042498600285427,13.305123584520148,,1.0354298269706124,49010,,True,,,,5040.0,,,,,,,,,,,,
MaxCut,classical_random_restarts_local_improvement,classical,4,100368.28672452309,5.969053889999941,100368.28672452309,True,,1.0,0.0,1.0,0.0,1.03544732163893,48344,,,,,,5050.0,,,,,,,,,,,,
MaxCut,dynamic_local_search_warm_start,dynamic,4,101086.98238979137,0.25569800699986445,101086.98238979137,True,,0.5186138613861386,-0.0071605851681105365,23.344154927273664,0.9459405940594059,1.03544732163893,48344,,,,,,5050.0,,,,,,,,,,,,
MaxCut,learning_augmented_neural_warm_start_maxcut,ai_ml,4,101086.98238979137,0.3024324160001015,101086.98238979137,True,,0.5192079207920792,-0.0071605851681105365,19.736819117954397,,1.03544732163893,48344,,True,,,,5050.0,,,,,,,,,,,,
MaxCut,graph_ai_message_passing_maxcut,graph_ai,4,100129.76938358684,0.4167914380000184,100129.76938358684,True,,0.5089108910891089,0.0023764213649566037,14.321440763376904,,1.03544732163893,48344,,True,,,,5050.0,,,,,,,,,,,,
MaxCut,classical_random_restarts_local_improvement,classical,5,100459.16420744121,5.621836025999983,100459.16420744121,True,,1.0,0.0,1.0,0.0,1.035459299928387,47715,,,,,,5060.0,,,,,,,,,,,,
MaxCut,dynamic_local_search_warm_start,dynamic,5,101045.38372703509,0.28300845599960667,101045.38372703509,True,,0.4956521739130435,-0.005835401122623131,19.86455141823676,0.9343873517786562,1.035459299928387,47715,,,,,,5060.0,,,,,,,,,,,,
MaxCut,learning_augmented_neural_warm_start_maxcut,ai_ml,5,101103.20468695753,0.39407178700002987,101103.20468695753,True,,0.4926877470355731,-0.006410967925100596,14.266020079228754,,1.035459299928387,47715,,True,,,,5060.0,,,,,,,,,,,,
MaxCut,graph_ai_message_passing_maxcut,graph_ai,5,99912.57354796499,0.35432717999992747,99912.57354796499,True,,0.48300395256916995,0.005440923820026496,15.866228568751438,,1.035459299928387,47715,,True,,,,5060.0,,,,,,,,,,,,
MaxCut,classical_random_restarts_local_improvement,classical,6,100206.56592899184,5.637746267000239,100206.56592899184,True,,1.0,0.0,1.0,0.0,1.035393566802064,47157,,,,,,5070.0,,,,,,,,,,,,
MaxCut,dynamic_local_search_warm_start,dynamic,6,101054.82103376194,0.24477771000010762,101054.82103376194,True,,0.4990138067061144,-0.008465065107322277,23.032106424223677,0.9491124260355029,1.035393566802064,47157,,,,,,5070.0,,,,,,,,,,,,
MaxCut,learning_augmented_neural_warm_start_maxcut,ai_ml,6,101061.22770779442,0.24556400999972539,101061.22770779442,True,,0.49960552268244574,-0.008528999780395674,22.95835724056853,,1.035393566802064,47157,,True,,,,5070.0,,,,,,,,,,,,
MaxCut,graph_ai_message_passing_maxcut,graph_ai,6,99947.38022365648,0.4150483319999694,99947.38022365648,True,,0.5331360946745562,0.0025865141962755542,13.583348811050406,,1.035393566802064,47157,,True,,,,5070.0,,,,,,,,,,,,
MaxCut,classical_random_restarts_local_improvement,classical,7,100134.26052611518,5.283829799999694,100134.26052611518,True,,1.0,0.0,1.0,0.0,1.0354072724849508,46613,,,,,,5080.0,,,,,,,,,,,,
MaxCut,dynamic_local_search_warm_start,dynamic,7,101064.71119659713,0.22946410400027162,101064.71119659713,True,,0.5448818897637795,-0.009292031174877329,23.026825145572396,0.9484251968503937,1.0354072724849508,46613,,,,,,5080.0,,,,,,,,,,,,
MaxCut,learning_augmented_neural_warm_start_maxcut,ai_ml,7,101201.57813092088,0.2814693499999521,101201.57813092088,True,,0.5403543307086615,-0.010658865399294067,18.77230966711151,,1.0354072724849508,46613,,True,,,,5080.0,,,,,,,,,,,,
MaxCut,graph_ai_message_passing_maxcut,graph_ai,7,100122.37851427373,0.3748831540001447,100122.37851427373,True,,0.47736220472440943,0.00011866080379497419,14.094604528422353,,1.0354072724849508,46613,,True,,,,5080.0,,,,,,,,,,,,
MaxCut,classical_random_restarts_local_improvement,classical,8,100209.90226908762,5.051394453999819,100209.90226908762,True,,1.0,0.0,1.0,0.0,1.0354274917335853,46032,,,,,,5090.0,,,,,,,,,,,,
MaxCut,dynamic_local_search_warm_start,dynamic,8,100955.59811826337,0.2600175960001252,100955.59811826337,True,,0.5111984282907662,-0.007441338952445857,19.427125439608275,0.9504911591355599,1.0354274917335853,46032,,,,,,5090.0,,,,,,,,,,,,
MaxCut,learning_augmented_neural_warm_start_maxcut,ai_ml,8,100997.91717104301,0.23063359600018885,100997.91717104301,True,,0.5084479371316306,-0.007863643054349907,21.902249028782794,,1.0354274917335853,46032,,True,,,,5090.0,,,,,,,,,,,,
MaxCut,graph_ai_message_passing_maxcut,graph_ai,8,99806.04034900262,0.3813340540000354,99806.04034900262,True,,0.5102161100196464,0.004030159803973537,13.246638743675776,,1.0354274917335853,46032,,True,,,,5090.0,,,,,,,,,,,,
MaxCut,classical_random_restarts_local_improvement,classical,9,100257.8847544672,5.155754581999645,100257.8847544672,True,,1.0,0.0,1.0,0.0,1.035398028637119,45484,,,,,,5100.0,,,,,,,,,,,,
MaxCut,dynamic_local_search_warm_start,dynamic,9,100896.0752360952,0.18281348699974842,100896.0752360952,True,,0.4843137254901961,-0.006365489190111448,28.202265963050856,0.951764705882353,1.035398028637119,45484,,,,,,5100.0,,,,,,,,,,,,
MaxCut,learning_augmented_neural_warm_start_maxcut,ai_ml,9,100883.87952594667,0.18516682600011336,100883.87952594667,True,,0.4850980392156863,-0.0062438457884139275,27.843835169462203,,1.035398028637119,45484,,True,,,,5100.0,,,,,,,,,,,,
MaxCut,graph_ai_message_passing_maxcut,graph_ai,9,100149.43742150476,0.35831725799971537,100149.43742150476,True,,0.4972549019607843,0.0010816838319303672,14.388797823418654,,1.035398028637119,45484,,True,,,,5100.0,,,,,,,,,,,,
MaxCut,classical_random_restarts_local_improvement,classical,10,100010.4044695501,5.223017380000329,100010.4044695501,True,,1.0,0.0,1.0,0.0,1.0353666674336732,44996,,,,,,5110.0,,,,,,,,,,,,
MaxCut,dynamic_local_search_warm_start,dynamic,10,100649.49936604507,0.2151516129997617,100649.49936604507,True,,0.5289628180039139,-0.006390284089787352,24.2759852328233,0.9561643835616438,1.0353666674336732,44996,,,,,,5110.0,,,,,,,,,,,,
MaxCut,learning_augmented_neural_warm_start_maxcut,ai_ml,10,100649.97774404689,0.23968572500007213,100649.97774404689,True,,0.5283757338551859,-0.006395067372130385,21.791107417843747,,1.0353666674336732,44996,,True,,,,5110.0,,,,,,,,,,,,
MaxCut,graph_ai_message_passing_maxcut,graph_ai,10,99653.26750381304,0.36075110000001587,99653.26750381304,True,,0.49510763209393344,0.0035709981139592675,14.47817450868507,,1.0353666674336732,44996,,True,,,,5110.0,,,,,,,,,,,,
MaxCut,classical_random_restarts_local_improvement,classical,11,99806.56413041295,5.123418535999917,99806.56413041295,True,,1.0,0.0,1.0,0.0,1.035366335712791,44528,,,,,,5120.0,,,,,,,,,,,,
MaxCut,dynamic_local_search_warm_start,dynamic,11,100513.16708957672,0.2236839739998686,100513.16708957672,True,,0.4728515625,-0.0070797243179364,22.904718851261677,0.94765625,1.035366335712791,44528,,,,,,5120.0,,,,,,,,,,,,
MaxCut,learning_augmented_neural_warm_start_maxcut,ai_ml,11,100513.16708957672,0.23070115100017574,100513.16708957672,True,,0.4728515625,-0.0070797243179364,22.20803196597842,,1.035366335712791,44528,,True,,,,5120.0,,,,,,,,,,,,
MaxCut,graph_ai_message_passing_maxcut,graph_ai,11,99229.97427105889,0.36036151700045593,99229.97427105889,True,,0.5384765625,0.005777073525952232,14.21744080401747,,1.035366335712791,44528,,True,,,,5120.0,,,,,,,,,,,,
MaxCut,classical_random_restarts_local_improvement,classical,12,99916.42076516758,5.010028717999376,99916.42076516758,True,,1.0,0.0,1.0,0.0,1.035397605663617,44022,,,,,,5130.0,,,,,,,,,,,,
MaxCut,dynamic_local_search_warm_start,dynamic,12,100307.26994341725,0.2596645270004956,100307.26994341725,True,,0.4777777777777778,-0.0039117612025782985,19.294236204970016,0.9528265107212476,1.035397605663617,44022,,,,,,5130.0,,,,,,,,,,,,
MaxCut,learning_augmented_neural_warm_start_maxcut,ai_ml,12,100307.26994341725,0.27920065600028465,100307.26994341725,True,,0.4777777777777778,-0.0039117612025782985,17.944186771517714,,1.035397605663617,44022,,True,,,,5130.0,,,,,,,,,,,,
MaxCut,graph_ai_message_passing_maxcut,graph_ai,12,99280.35124255091,0.4249675470000511,99280.35124255091,True,,0.5072124756335282,0.006366015893539848,11.789203089427374,,1.035397605663617,44022,,True,,,,5130.0,,,,,,,,,,,,
MaxCut,classical_random_restarts_local_improvement,classical,13,99594.78040221501,5.274947873000201,99594.78040221501,True,,1.0,0.0,1.0,0.0,1.0353797137286604,43546,,,,,,5140.0,,,,,,,,,,,,
MaxCut,dynamic_local_search_warm_start,dynamic,13,100221.43110462472,0.23096691699993244,100221.43110462472,True,,0.474124513618677,-0.006292003455190823,22.838543032557965,0.9554474708171207,1.0353797137286604,43546,,,,,,5140.0,,,,,,,,,,,,
MaxCut,learning_augmented_neural_warm_start_maxcut,ai_ml,13,100221.43110462472,0.24563383999975485,100221.43110462472,True,,0.474124513618677,-0.006292003455190823,21.474841874415453,,1.0353797137286604,43546,,True,,,,5140.0,,,,,,,,,,,,
MaxCut,graph_ai_message_passing_maxcut,graph_ai,13,98891.04409839839,0.33973150300062116,98891.04409839839,True,,0.5186770428015565,0.007065995838080798,15.526814047005104,,1.0353797137286604,43546,,True,,,,5140.0,,,,,,,,,,,,
MaxCut,classical_random_restarts_local_improvement,classical,14,99838.63311331344,5.092064823000328,99838.63311331344,True,,1.0,0.0,1.0,0.0,1.0353217833661275,43146,,,,,,5150.0,,,,,,,,,,,,
MaxCut,dynamic_local_search_warm_start,dynamic,14,100231.60120965971,0.36978295399967465,100231.60120965971,True,,0.5106796116504855,-0.003936032416432113,13.770415233918024,0.9466019417475728,1.0353217833661275,43146,,,,,,5150.0,,,,,,,,,,,,
MaxCut,learning_augmented_neural_warm_start_maxcut,ai_ml,14,100147.9975893753,0.4062390509998295,100147.9975893753,True,,0.51126213592233,-0.003098644947499878,12.534651236674106,,1.0353217833661275,43146,,True,,,,5150.0,,,,,,,,,,,,
MaxCut,graph_ai_message_passing_maxcut,graph_ai,14,99387.10850739229,0.3688774600004763,99387.10850739229,True,,0.48388349514563106,0.004522543947578735,13.804217864094362,,1.0353217833661275,43146,,True,,,,5150.0,,,,,,,,,,,,
MaxCut,classical_random_restarts_local_improvement,classical,15,99270.13097056774,5.251080797000213,99270.13097056774,True,,1.0,0.0,1.0,0.0,1.03532575775931,42731,,,,,,5160.0,,,,,,,,,,,,
MaxCut,dynamic_local_search_warm_start,dynamic,15,99805.22466233945,0.26424324399977195,99805.22466233945,True,,0.4868217054263566,-0.005390278893964113,19.872147788969563,0.9544573643410853,1.03532575775931,42731,,,,,,5160.0,,,,,,,,,,,,
MaxCut,learning_augmented_neural_warm_start_maxcut,ai_ml,15,99795.73227229825,0.2862082219999138,99795.73227229825,True,,0.4875968992248062,-0.005294657079543315,18.347064805852416,,1.03532575775931,42731,,True,,,,5160.0,,,,,,,,,,,,
MaxCut,graph_ai_message_passing_maxcut,graph_ai,15,99102.49702451077,0.36720532499930414,99102.49702451077,True,,0.5244186046511627,0.0016886644997645233,14.300121592763297,,1.03532575775931,42731,,True,,,,5160.0,,,,,,,,,,,,
MaxCut,classical_random_restarts_local_improvement,classical,16,98964.70634552167,5.272177011000167,98964.70634552167,True,,1.0,0.0,1.0,0.0,1.0353497025630982,42293,,,,,,5170.0,,,,,,,,,,,,
MaxCut,dynamic_local_search_warm_start,dynamic,16,99412.8260915193,0.2693156169998474,99412.8260915193,True,,0.5102514506769826,-0.0045280763470673694,19.57620233736076,0.9495164410058027,1.0353497025630982,42293,,,,,,5170.0,,,,,,,,,,,,
MaxCut,learning_augmented_neural_warm_start_maxcut,ai_ml,16,99412.8260915193,0.3121081959998264,99412.8260915193,True,,0.5102514506769826,-0.0045280763470673694,16.89214534758036,,1.0353497025630982,42293,,True,,,,5170.0,,,,,,,,,,,,
MaxCut,graph_ai_message_passing_maxcut,graph_ai,16,98624.38773375472,0.3495437719993788,98624.38773375472,True,,0.4891682785299807,0.003438787668189285,15.083023739325949,,1.0353497025630982,42293,,True,,,,5170.0,,,,,,,,,,,,
MaxCut,classical_random_restarts_local_improvement,classical,17,99032.61435998566,4.851044742999875,99032.61435998566,True,,1.0,0.0,1.0,0.0,1.0353249449978987,41882,,,,,,5180.0,,,,,,,,,,,,
MaxCut,dynamic_local_search_warm_start,dynamic,17,99762.3206711464,0.2968377689994668,99762.3206711464,True,,0.46505791505791505,-0.0073683434076398735,16.34241073617754,0.9428571428571428,1.0353249449978987,41882,,,,,,5180.0,,,,,,,,,,,,
MaxCut,learning_augmented_neural_warm_start_maxcut,ai_ml,17,99833.58184042478,0.25593942099931155,99833.58184042478,True,,0.4702702702702703,-0.008087916143742217,18.953878711060003,,1.0353249449978987,41882,,True,,,,5180.0,,,,,,,,,,,,
MaxCut,graph_ai_message_passing_maxcut,graph_ai,17,98762.23229039484,0.3482767169998624,98762.23229039484,True,,0.4897683397683398,0.002730232573765821,13.928708139860499,,1.0353249449978987,41882,,True,,,,5180.0,,,,,,,,,,,,
MaxCut,classical_random_restarts_local_improvement,classical,18,99445.09617761968,4.731202942999516,99445.09617761968,True,,1.0,0.0,1.0,0.0,1.035237240829346,41542,,,,,,5190.0,,,,,,,,,,,,
MaxCut,dynamic_local_search_warm_start,dynamic,18,100099.15506895998,0.24937323199992534,100099.15506895998,True,,0.48053949903660886,-0.0065770854117540856,18.97237688687025,0.9520231213872833,1.035237240829346,41542,,,,,,5190.0,,,,,,,,,,,,
MaxCut,learning_augmented_neural_warm_start_maxcut,ai_ml,18,100111.48350909728,0.29708711100010987,100111.48350909728,True,,0.48323699421965316,-0.006701057740316923,15.925305298747096,,1.035237240829346,41542,,True,,,,5190.0,,,,,,,,,,,,
MaxCut,graph_ai_message_passing_maxcut,graph_ai,18,99364.86500556365,0.2952144009996118,99364.86500556365,True,,0.5287090558766859,0.0008067886214592535,16.026328414126848,,1.035237240829346,41542,,True,,,,5190.0,,,,,,,,,,,,
MaxCut,classical_random_restarts_local_improvement,classical,19,99179.94600962455,4.6666460389997155,99179.94600962455,True,,1.0,0.0,1.0,0.0,1.03527252614642,41179,,,,,,5200.0,,,,,,,,,,,,
MaxCut,dynamic_local_search_warm_start,dynamic,19,100221.0757026457,0.2175937319998411,100221.0757026457,True,,0.5228846153846154,-0.010497381122995583,21.446601407632105,0.9473076923076923,1.03527252614642,41179,,,,,,5200.0,,,,,,,,,,,,
MaxCut,learning_augmented_neural_warm_start_maxcut,ai_ml,19,100247.45031852394,0.21973046400034946,100247.45031852394,True,,0.5221153846153846,-0.010763308025957253,21.23804753351039,,1.03527252614642,41179,,True,,,,5200.0,,,,,,,,,,,,
MaxCut,graph_ai_message_passing_maxcut,graph_ai,19,98862.40676471456,0.342903524000576,98862.40676471456,True,,0.4753846153846154,0.003201647688729077,13.609209915824245,,1.03527252614642,41179,,True,,,,5200.0,,,,,,,,,,,,
Vertex Cover,classical_maximal_matching_2approx,classical,0,4540.0,0.01956835399960255,4540.0,True,,1.0,0.0,1.0,0.0,51016.0,51016,,,,,,4540.0,1.0,,,,,,,,,,,
Vertex Cover,dynamic_matching_cover_repair,dynamic,0,4540.0,0.014169971000228543,4540.0,True,,1.0,0.0,1.380973468420432,0.0,51016.0,51016,,,,,,4540.0,1.0,49092.0,,,,,,,,,,
Vertex Cover,primal_dual_neural_node_ranking,ai_ml,0,4001.0,119.73942522700054,4001.0,True,,0.806854241590861,-0.11872246696035242,0.00016342448581580464,,51016.0,51016,,True,,,,4001.0,1.0,,,,,,,,,,,
Vertex Cover,graph_ai_message_passing_vertex_cover,graph_ai,0,4134.0,3.846122834000198,4134.0,True,,0.8199748216533781,-0.08942731277533039,0.005087813063747184,,51016.0,51016,,True,,,,4134.0,1.0,,,,,,,,,,,
Vertex Cover,classical_maximal_matching_2approx,classical,1,4554.0,0.013326764000339608,4554.0,True,,1.0,0.0,1.0,0.0,1.0354753031769235,50292,,,,,,4554.0,1.0,,,,,,,,,,,
Vertex Cover,dynamic_matching_cover_repair,dynamic,1,3778.0,0.07705533699936495,3778.0,True,,0.8109106715931319,-0.17039964866051824,0.17295056409200366,1.0,1.0354753031769235,50292,,,,,,3778.0,1.0,0.0,,,,,,,,,,
Vertex Cover,primal_dual_neural_node_ranking,ai_ml,1,4691.0,110.3190701630001,4691.0,True,,0.8553080473610275,0.030083443126921388,0.0001208019971583233,,1.0354753031769235,50292,,True,,,,4691.0,1.0,,,,,,,,,,,
Vertex Cover,graph_ai_message_passing_vertex_cover,graph_ai,1,4128.0,3.958117000999664,4128.0,True,,0.8212712397734424,-0.09354413702239789,0.003366945443243288,,1.0354753031769235,50292,,True,,,,4128.0,1.0,,,,,,,,,,,
Vertex Cover,classical_maximal_matching_2approx,classical,2,4540.0,0.01345169199976226,4540.0,True,,1.0,0.0,1.0,0.0,1.0354133644781847,49646,,,,,,4540.0,1.0,,,,,,,,,,,
Vertex Cover,dynamic_matching_cover_repair,dynamic,2,3781.0,0.07001217899960466,3781.0,True,,0.7995242214532872,-0.1671806167400881,0.1921336000674714,1.0,1.0354133644781847,49646,,,,,,3781.0,1.0,32.0,,,,,,,,,,
Vertex Cover,primal_dual_neural_node_ranking,ai_ml,2,4417.0,112.96087950899982,4417.0,True,,0.833947583947584,-0.02709251101321586,0.0001190827484544376,,1.0354133644781847,49646,,True,,,,4417.0,1.0,,,,,,,,,,,
Vertex Cover,graph_ai_message_passing_vertex_cover,graph_ai,2,4123.0,3.81151294799929,4123.0,True,,0.8195757193866835,-0.09185022026431718,0.003529226368448576,,1.0354133644781847,49646,,True,,,,4123.0,1.0,,,,,,,,,,,
Vertex Cover,classical_maximal_matching_2approx,classical,3,4564.0,0.013650917000632035,4564.0,True,,1.0,0.0,1.0,0.0,1.0354298269706124,49010,,,,,,4564.0,1.0,,,,,,,,,,,
Vertex Cover,dynamic_matching_cover_repair,dynamic,3,3748.0,0.06724242200016306,3748.0,True,,0.7825434269783401,-0.17879053461875546,0.20301048942881522,1.0,1.0354298269706124,49010,,,,,,3748.0,1.0,31.0,,,,,,,,,,
Vertex Cover,primal_dual_neural_node_ranking,ai_ml,3,4707.0,112.93281091799963,4707.0,True,,0.8635175879396985,0.03133216476774759,0.00012087644759452545,,1.0354298269706124,49010,,True,,,,4707.0,1.0,,,,,,,,,,,
Vertex Cover,graph_ai_message_passing_vertex_cover,graph_ai,3,4118.0,3.91006108900001,4118.0,True,,0.8239495798319327,-0.09772129710780017,0.0034912285741610315,,1.0354298269706124,49010,,True,,,,4118.0,1.0,,,,,,,,,,,
Vertex Cover,classical_maximal_matching_2approx,classical,4,4558.0,0.01314778899995872,4558.0,True,,1.0,0.0,1.0,0.0,1.03544732163893,48344,,,,,,4558.0,1.0,,,,,,,,,,,
Vertex Cover,dynamic_matching_cover_repair,dynamic,4,3733.0,0.06997562800006563,3733.0,True,,0.773475935828877,-0.1810004387889425,0.18789097541141594,1.0,1.03544732163893,48344,,,,,,3733.0,1.0,32.0,,,,,,,,,,
Vertex Cover,primal_dual_neural_node_ranking,ai_ml,4,4506.0,111.21962677700049,4506.0,True,,0.8340752731687576,-0.011408512505484861,0.00011821464772868308,,1.03544732163893,48344,,True,,,,4506.0,1.0,,,,,,,,,,,
Vertex Cover,graph_ai_message_passing_vertex_cover,graph_ai,4,4117.0,3.722087725000165,4117.0,True,,0.8220961982776728,-0.096752961825362,0.0035323694580460586,,1.03544732163893,48344,,True,,,,4117.0,1.0,,,,,,,,,,,
Vertex Cover,classical_maximal_matching_2approx,classical,5,4534.0,0.013725179000175558,4534.0,True,,1.0,0.0,1.0,0.0,1.035459299928387,47715,,,,,,4534.0,1.0,,,,,,,,,,,
Vertex Cover,dynamic_matching_cover_repair,dynamic,5,3713.0,0.06550013099968055,3713.0,True,,0.7697424892703862,-0.18107631230701368,0.2095442984723572,1.0,1.035459299928387,47715,,,,,,3713.0,1.0,29.0,,,,,,,,,,
Vertex Cover,primal_dual_neural_node_ranking,ai_ml,5,4483.0,108.15401337899948,4483.0,True,,0.8212482326802666,-0.011248345831495369,0.00012690401929033368,,1.035459299928387,47715,,True,,,,4483.0,1.0,,,,,,,,,,,
Vertex Cover,graph_ai_message_passing_vertex_cover,graph_ai,5,4079.0,3.7311711440006547,4079.0,True,,0.8167053364269141,-0.1003528892809881,0.0036785176746031217,,1.035459299928387,47715,,True,,,,4079.0,1.0,,,,,,,,,,,
Vertex Cover,classical_maximal_matching_2approx,classical,6,4524.0,0.014063886000258208,4524.0,True,,1.0,0.0,1.0,0.0,1.035393566802064,47157,,,,,,4524.0,1.0,,,,,,,,,,,
Vertex Cover,dynamic_matching_cover_repair,dynamic,6,3705.0,0.0662419049995151,3705.0,True,,0.7670173931715697,-0.1810344827586207,0.2123110137059186,1.0,1.035393566802064,47157,,,,,,3705.0,1.0,33.0,,,,,,,,,,
Vertex Cover,primal_dual_neural_node_ranking,ai_ml,6,4712.0,110.93034811799953,4712.0,True,,0.8520152396230198,0.04155614500442087,0.00012678123019408614,,1.035393566802064,47157,,True,,,,4712.0,1.0,,,,,,,,,,,
Vertex Cover,graph_ai_message_passing_vertex_cover,graph_ai,6,4066.0,3.6772640869994575,4066.0,True,,0.8126186959274109,-0.10123784261715296,0.00382455153274943,,1.035393566802064,47157,,True,,,,4066.0,1.0,,,,,,,,,,,
Vertex Cover,classical_maximal_matching_2approx,classical,7,4520.0,0.012998234999940905,4520.0,True,,1.0,0.0,1.0,0.0,1.0354072724849508,46613,,,,,,4520.0,1.0,,,,,,,,,,,
Vertex Cover,dynamic_matching_cover_repair,dynamic,7,3682.0,0.06647027599956346,3682.0,True,,0.7593307593307593,-0.18539823008849557,0.19554958670588748,1.0,1.0354072724849508,46613,,,,,,3682.0,1.0,22.0,,,,,,,,,,
Vertex Cover,primal_dual_neural_node_ranking,ai_ml,7,4112.0,100.59493959700012,4112.0,True,,0.8073701842546064,-0.09026548672566372,0.00012921360708614143,,1.0354072724849508,46613,,True,,,,4112.0,1.0,,,,,,,,,,,
Vertex Cover,graph_ai_message_passing_vertex_cover,graph_ai,7,4047.0,3.948430217999885,4047.0,True,,0.8108222363136758,-0.10464601769911504,0.0032920006894601485,,1.0354072724849508,46613,,True,,,,4047.0,1.0,,,,,,,,,,,
Vertex Cover,classical_maximal_matching_2approx,classical,8,4548.0,0.01321013500000845,4548.0,True,,1.0,0.0,1.0,0.0,1.0354274917335853,46032,,,,,,4548.0,1.0,,,,,,,,,,,
Vertex Cover,dynamic_matching_cover_repair,dynamic,8,3677.0,0.06603218999953242,3677.0,True,,0.753731343283582,-0.1915127528583993,0.2000559878462609,1.0,1.0354274917335853,46032,,,,,,3677.0,1.0,28.0,,,,,,,,,,
Vertex Cover,primal_dual_neural_node_ranking,ai_ml,8,4079.0,100.31992790299955,4079.0,True,,0.8067015706806283,-0.10312225153913808,0.000131680068717568,,1.0354274917335853,46032,,True,,,,4079.0,1.0,,,,,,,,,,,
Vertex Cover,graph_ai_message_passing_vertex_cover,graph_ai,8,4038.0,3.6177151740002955,4038.0,True,,0.8102466793168881,-0.11213720316622691,0.003651513279692861,,1.0354274917335853,46032,,True,,,,4038.0,1.0,,,,,,,,,,,
Vertex Cover,classical_maximal_matching_2approx,classical,9,4550.0,0.013207898000473506,4550.0,True,,1.0,0.0,1.0,0.0,1.035398028637119,45484,,,,,,4550.0,1.0,,,,,,,,,,,
Vertex Cover,dynamic_matching_cover_repair,dynamic,9,3677.0,0.06299176600077772,3677.0,True,,0.7530364372469636,-0.19186813186813187,0.20967657900415806,1.0,1.035398028637119,45484,,,,,,3677.0,1.0,31.0,,,,,,,,,,
Vertex Cover,primal_dual_neural_node_ranking,ai_ml,9,4112.0,101.4874059900003,4112.0,True,,0.8125130780498012,-0.09626373626373626,0.000130143221926225,,1.035398028637119,45484,,True,,,,4112.0,1.0,,,,,,,,,,,
Vertex Cover,graph_ai_message_passing_vertex_cover,graph_ai,9,4035.0,3.6358929749994786,4035.0,True,,0.8111814345991561,-0.11318681318681319,0.0036326421298128004,,1.035398028637119,45484,,True,,,,4035.0,1.0,,,,,,,,,,,
Vertex Cover,classical_maximal_matching_2approx,classical,10,4532.0,0.013575621000200044,4532.0,True,,1.0,0.0,1.0,0.0,1.0353666674336732,44996,,,,,,4532.0,1.0,,,,,,,,,,,
Vertex Cover,dynamic_matching_cover_repair,dynamic,10,3664.0,0.06357655900046666,3664.0,True,,0.7494130202774814,-0.1915269196822595,0.21353186164259688,1.0,1.0353666674336732,44996,,,,,,3664.0,1.0,27.0,,,,,,,,,,
Vertex Cover,primal_dual_neural_node_ranking,ai_ml,10,4610.0,98.81314614500025,4610.0,True,,0.837957378367511,0.017210944395410415,0.00013738679042036499,,1.0353666674336732,44996,,True,,,,4610.0,1.0,,,,,,,,,,,
Vertex Cover,graph_ai_message_passing_vertex_cover,graph_ai,10,4025.0,3.519291203998364,4025.0,True,,0.8071805702217529,-0.1118711385701677,0.0038574872647015985,,1.0353666674336732,44996,,True,,,,4025.0,1.0,,,,,,,,,,,
Vertex Cover,classical_maximal_matching_2approx,classical,11,4520.0,0.014981326999986777,4520.0,True,,1.0,0.0,1.0,0.0,1.035366335712791,44528,,,,,,4520.0,1.0,,,,,,,,,,,
Vertex Cover,dynamic_matching_cover_repair,dynamic,11,3649.0,0.0662180930012255,3649.0,True,,0.7488760436737315,-0.19269911504424778,0.22624219938966708,1.0,1.035366335712791,44528,,,,,,3649.0,1.0,28.0,,,,,,,,,,
Vertex Cover,primal_dual_neural_node_ranking,ai_ml,11,4587.0,100.45536609600094,4587.0,True,,0.8265142398716406,0.014823008849557522,0.00014913416358136366,,1.035366335712791,44528,,True,,,,4587.0,1.0,,,,,,,,,,,
Vertex Cover,graph_ai_message_passing_vertex_cover,graph_ai,11,4033.0,3.6428820389992325,4033.0,True,,0.8055731475617479,-0.10774336283185841,0.0041124930315071155,,1.035366335712791,44528,,True,,,,4033.0,1.0,,,,,,,,,,,
Vertex Cover,classical_maximal_matching_2approx,classical,12,4508.0,0.015180205999058671,4508.0,True,,1.0,0.0,1.0,0.0,1.035397605663617,44022,,,,,,4508.0,1.0,,,,,,,,,,,
Vertex Cover,dynamic_matching_cover_repair,dynamic,12,3639.0,0.06502470599843946,3639.0,True,,0.7467838765008576,-0.19276841171251108,0.23345289710995362,1.0,1.035397605663617,44022,,,,,,3639.0,1.0,26.0,,,,,,,,,,
Vertex Cover,primal_dual_neural_node_ranking,ai_ml,12,4247.0,97.57667696099998,4247.0,True,,0.8066446553858853,-0.05789707187222715,0.00015557207389964702,,1.035397605663617,44022,,True,,,,4247.0,1.0,,,,,,,,,,,
Vertex Cover,graph_ai_message_passing_vertex_cover,graph_ai,12,4029.0,3.571167759999298,4029.0,True,,0.8075375820453102,-0.10625554569653949,0.00425076810142956,,1.035397605663617,44022,,True,,,,4029.0,1.0,,,,,,,,,,,
Vertex Cover,classical_maximal_matching_2approx,classical,13,4496.0,0.013438010999379912,4496.0,True,,1.0,0.0,1.0,0.0,1.0353797137286604,43546,,,,,,4496.0,1.0,,,,,,,,,,,
Vertex Cover,dynamic_matching_cover_repair,dynamic,13,3630.0,0.06222666800022125,3630.0,True,,0.7437768240343348,-0.19261565836298933,0.21595260410427458,1.0,1.0353797137286604,43546,,,,,,3630.0,1.0,26.0,,,,,,,,,,
Vertex Cover,primal_dual_neural_node_ranking,ai_ml,13,3996.0,103.61090364400116,3996.0,True,,0.7980097395723057,-0.11120996441281139,0.0001296968806058468,,1.0353797137286604,43546,,True,,,,3996.0,1.0,,,,,,,,,,,
Vertex Cover,graph_ai_message_passing_vertex_cover,graph_ai,13,4022.0,3.486937431000115,4022.0,True,,0.8038966539601864,-0.10542704626334519,0.0038538147773777677,,1.0353797137286604,43546,,True,,,,4022.0,1.0,,,,,,,,,,,
Vertex Cover,classical_maximal_matching_2approx,classical,14,4488.0,0.014082278999921982,4488.0,True,,1.0,0.0,1.0,0.0,1.0353217833661275,43146,,,,,,4488.0,1.0,,,,,,,,,,,
Vertex Cover,dynamic_matching_cover_repair,dynamic,14,3627.0,0.06893754599877866,3627.0,True,,0.744786067512363,-0.19184491978609625,0.20427589633334892,1.0,1.0353217833661275,43146,,,,,,3627.0,1.0,38.0,,,,,,,,,,
Vertex Cover,primal_dual_neural_node_ranking,ai_ml,14,4526.0,102.17599775500094,4526.0,True,,0.8184385717167642,0.008467023172905526,0.00013782374832970725,,1.0353217833661275,43146,,True,,,,4526.0,1.0,,,,,,,,,,,
Vertex Cover,graph_ai_message_passing_vertex_cover,graph_ai,14,4020.0,3.4599707540000963,4020.0,True,,0.8021605592035586,-0.10427807486631016,0.0040700572349177695,,1.0353217833661275,43146,,True,,,,4020.0,1.0,,,,,,,,,,,
Vertex Cover,classical_maximal_matching_2approx,classical,15,4466.0,0.013323692999620107,4466.0,True,,1.0,0.0,1.0,0.0,1.03532575775931,42731,,,,,,4466.0,1.0,,,,,,,,,,,
Vertex Cover,dynamic_matching_cover_repair,dynamic,15,3617.0,0.062033927999436855,3617.0,True,,0.7390275387263339,-0.19010300044782805,0.21478074062537295,1.0,1.03532575775931,42731,,,,,,3617.0,1.0,22.0,,,,,,,,,,
Vertex Cover,primal_dual_neural_node_ranking,ai_ml,15,4040.0,97.31366690100003,4040.0,True,,0.7865994538962403,-0.09538737124944022,0.00013691492083198016,,1.03532575775931,42731,,True,,,,4040.0,1.0,,,,,,,,,,,
Vertex Cover,graph_ai_message_passing_vertex_cover,graph_ai,15,4028.0,3.5593509139998787,4028.0,True,,0.8030142220335386,-0.0980743394536498,0.0037432928984929416,,1.03532575775931,42731,,True,,,,4028.0,1.0,,,,,,,,,,,
Vertex Cover,classical_maximal_matching_2approx,classical,16,4456.0,0.013330286999917007,4456.0,True,,1.0,0.0,1.0,0.0,1.0353497025630982,42293,,,,,,4456.0,1.0,,,,,,,,,,,
Vertex Cover,dynamic_matching_cover_repair,dynamic,16,3608.0,0.060376991001248825,3608.0,True,,0.7375565610859729,-0.19030520646319568,0.22078422224852653,1.0,1.0353497025630982,42293,,,,,,3608.0,1.0,28.0,,,,,,,,,,
Vertex Cover,primal_dual_neural_node_ranking,ai_ml,16,4336.0,93.58749675999934,4336.0,True,,0.7997952917093142,-0.026929982046678635,0.0001424366230683773,,1.0353497025630982,42293,,True,,,,4336.0,1.0,,,,,,,,,,,
Vertex Cover,graph_ai_message_passing_vertex_cover,graph_ai,16,4000.0,3.258931221998864,4000.0,True,,0.7999148573861218,-0.10233393177737882,0.004090386108774913,,1.0353497025630982,42293,,True,,,,4000.0,1.0,,,,,,,,,,,
Vertex Cover,classical_maximal_matching_2approx,classical,17,4450.0,0.013163469000573969,4450.0,True,,1.0,0.0,1.0,0.0,1.0353249449978987,41882,,,,,,4450.0,1.0,,,,,,,,,,,
Vertex Cover,dynamic_matching_cover_repair,dynamic,17,3595.0,0.06073278899930301,3595.0,True,,0.7357065803667745,-0.19213483146067414,0.21674402275062712,1.0,1.0353249449978987,41882,,,,,,3595.0,1.0,31.0,,,,,,,,,,
Vertex Cover,primal_dual_neural_node_ranking,ai_ml,17,3984.0,94.7800772089995,3984.0,True,,0.7815800591465991,-0.1047191011235955,0.00013888434561566362,,1.0353249449978987,41882,,True,,,,3984.0,1.0,,,,,,,,,,,
Vertex Cover,graph_ai_message_passing_vertex_cover,graph_ai,17,3995.0,3.3575123449991224,3995.0,True,,0.7998721227621484,-0.10224719101123596,0.003920601817050775,,1.0353249449978987,41882,,True,,,,3995.0,1.0,,,,,,,,,,,
Vertex Cover,classical_maximal_matching_2approx,classical,18,4448.0,0.013505472999895574,4448.0,True,,1.0,0.0,1.0,0.0,1.035237240829346,41542,,,,,,4448.0,1.0,,,,,,,,,,,
Vertex Cover,dynamic_matching_cover_repair,dynamic,18,3580.0,0.061496609001551406,3580.0,True,,0.731665228645384,-0.19514388489208634,0.21961329606897292,1.0,1.035237240829346,41542,,,,,,3580.0,1.0,25.0,,,,,,,,,,
Vertex Cover,primal_dual_neural_node_ranking,ai_ml,18,4571.0,93.65522687200064,4571.0,True,,0.8114079132355895,0.027652877697841728,0.00014420415657476985,,1.035237240829346,41542,,True,,,,4571.0,1.0,,,,,,,,,,,
Vertex Cover,graph_ai_message_passing_vertex_cover,graph_ai,18,3990.0,3.347244701000818,3990.0,True,,0.7949372473941715,-0.10296762589928057,0.004034803011520929,,1.035237240829346,41542,,True,,,,3990.0,1.0,,,,,,,,,,,
Vertex Cover,classical_maximal_matching_2approx,classical,19,4470.0,0.012845470000684145,4470.0,True,,1.0,0.0,1.0,0.0,1.03527252614642,41179,,,,,,4470.0,1.0,,,,,,,,,,,
Vertex Cover,dynamic_matching_cover_repair,dynamic,19,3575.0,0.0583979349994479,3575.0,True,,0.7323428079242033,-0.20022371364653244,0.21996445594875208,1.0,1.03527252614642,41179,,,,,,3575.0,1.0,37.0,,,,,,,,,,
Vertex Cover,primal_dual_neural_node_ranking,ai_ml,19,4241.0,93.09078202800083,4241.0,True,,0.8132805995004163,-0.05123042505592841,0.0001379886356182973,,1.03527252614642,41179,,True,,,,4241.0,1.0,,,,,,,,,,,
Vertex Cover,graph_ai_message_passing_vertex_cover,graph_ai,19,3974.0,3.329092453001067,3974.0,True,,0.7954497129491813,-0.11096196868008948,0.0038585500949678874,,1.03527252614642,41179,,True,,,,3974.0,1.0,,,,,,,,,,,
Subgraph Discovery,rule_based_suspicious_subgraph_score,classical,0,0.13264673757834372,0.001118883999879472,0.13264673757834372,True,,,0.0,1.0,,51016.0,51016,,,,,,100.0,,,0.06,0.25,0.8490607033025804,0.13264673757834372,0.005449591280653951,1.0,0.0006110745510952337,1.0,4404.0,42548.0
Subgraph Discovery,dynamic_burst_detection_incremental,dynamic,0,0.12906724686971047,0.0008262290011771256,0.12906724686971047,True,,,0.026985139431108418,1.3542056721385982,,51016.0,51016,,,,,,100.0,,,0.05,0.20833333333333334,0.7615657173418906,0.12906724686971047,0.00520597555454957,0.9583333333333334,0.0005857956276214355,0.9615384615384616,4418.0,42677.0
Subgraph Discovery,supervised_suspicious_edge_subgraph_detector,ai_ml,0,0.9523498590504159,0.010209662999841385,0.9523498590504159,True,,,-6.179595038950278,,,51016.0,51016,,False,,,,100.0,,,0.24,1.0,0.9998328653563311,0.9523498590504159,0.005953857603572314,1.0,0.0006890520234277688,1.0,4031.0,37733.0
Subgraph Discovery,graph_ai_message_passing_subgraph_discovery,graph_ai,0,0.3001576873777192,0.11609189699993294,0.3001576873777192,True,,,-1.2628350523919993,,,51016.0,51016,,True,,,,100.0,,,0.15,0.625,0.9827015643802647,0.3001576873777192,0.006097560975609756,1.0,0.0007093940138058989,1.0,3936.0,36651.0
Subgraph Discovery,rule_based_suspicious_subgraph_score,classical,1,0.02163114368950749,0.0011758030013879761,0.02163114368950749,True,,,0.0,1.0,,1.0354753031769235,50292,,,,,,100.0,,,0.01,0.041666666666666664,0.8636492527355217,0.02163114368950749,0.005020538566864446,0.9166666666666666,0.0007662651756423457,0.8421052631578947,4382.0,41761.0
Subgraph Discovery,dynamic_burst_detection_incremental,dynamic,1,0.6060800961846766,0.0008531570001650834,0.6060800961846766,True,,,-27.01886506253781,1.3781789297403193,,1.0354753031769235,50292,,,,,,100.0,,,0.24,1.0,0.9970559781158259,0.6060800961846766,0.008568368439842914,1.0,0.001670990721604151,1.0,2801.0,22741.0
Subgraph Discovery,supervised_suspicious_edge_subgraph_detector,ai_ml,1,0.5366326293831181,7.281258611999874,0.5366326293831181,True,,,-23.80833362701112,,,1.0354753031769235,50292,,False,,,,100.0,,,0.24,1.0,0.9975480384307446,0.5366326293831181,0.007460366801367734,1.0,0.0013911770089694306,1.0,3217.0,27315.0
Subgraph Discovery,graph_ai_message_passing_subgraph_discovery,graph_ai,1,0.13384577001909673,0.10399784699984593,0.13384577001909673,True,,,-5.187641852891052,,,1.0354753031769235,50292,,True,,,,100.0,,,0.13,0.5416666666666666,0.9807929677074994,0.13384577001909673,0.006857142857142857,1.0,0.0011982641362782564,0.9736842105263158,3500.0,30878.0
Subgraph Discovery,rule_based_suspicious_subgraph_score,classical,2,0.06637194877409584,0.0010966259997076122,0.06637194877409584,True,,,0.0,1.0,,1.0354133644781847,49646,,,,,,100.0,,,0.08,0.3333333333333333,0.9575759089093088,0.06637194877409584,0.00530932594644506,0.9583333333333334,0.002065404475043029,0.9655172413793104,4332.0,40670.0
Subgraph Discovery,dynamic_burst_detection_incremental,dynamic,2,0.8753383391773317,0.0008692379997228272,0.8753383391773317,True,,,-12.18837785156258,1.2615946381282133,,1.0354133644781847,49646,,,,,,100.0,,,0.24,1.0,0.9991426954321481,0.8753383391773317,0.009334889148191364,1.0,0.004384638645297853,1.0,2571.0,19842.0
Subgraph Discovery,supervised_suspicious_edge_subgraph_detector,ai_ml,2,0.7152903977812489,13.80818070100031,0.7152903977812489,True,,,-9.77699858137084,,,1.0354133644781847,49646,,False,,,,100.0,,,0.24,1.0,0.9984185643893994,0.7152903977812489,0.010217113665389528,1.0,0.004987102321582115,1.0,2349.0,17445.0
Subgraph Discovery,graph_ai_message_passing_subgraph_discovery,graph_ai,2,0.27241471385625526,0.10059526999975787,0.27241471385625526,True,,,-3.104365155578728,,,1.0354133644781847,49646,,True,,,,100.0,,,0.21,0.875,0.9908609668397922,0.27241471385625526,0.007319304666056725,1.0,0.0030696744717304395,0.9885057471264368,3279.0,28016.0
Subgraph Discovery,rule_based_suspicious_subgraph_score,classical,3,0.07127632566194336,0.0010672490006982116,0.07127632566194336,True,,,0.0,1.0,,1.0354298269706124,49010,,,,,,100.0,,,0.1,0.4166666666666667,0.9284705608718766,0.07127632566194336,0.005610098176718092,1.0,0.0019481833822487602,1.0,4278.0,39524.0
Subgraph Discovery,dynamic_burst_detection_incremental,dynamic,3,0.59501686577795,0.0009189819993480342,0.59501686577795,True,,,-7.348029450901507,1.1613383085363636,,1.0354298269706124,49010,,,,,,100.0,,,0.22,0.9166666666666666,0.9944926236044658,0.59501686577795,0.00851063829787234,1.0,0.003424657534246575,1.0,2820.0,22484.0
Subgraph Discovery,supervised_suspicious_edge_subgraph_detector,ai_ml,3,0.6248350997965458,19.58684029899996,0.6248350997965458,True,,,-7.766376408908584,,,1.0354298269706124,49010,,False,,,,100.0,,,0.24,1.0,0.997325225943647,0.6248350997965458,0.00909090909090909,1.0,0.00376325692781389,1.0,2640.0,20461.0
Subgraph Discovery,graph_ai_message_passing_subgraph_discovery,graph_ai,3,0.28472084337558956,0.0977017170007457,0.28472084337558956,True,,,-2.9946060733544635,,,1.0354298269706124,49010,,True,,,,100.0,,,0.15,0.625,0.9820075757575758,0.28472084337558956,0.007602153943617358,1.0,0.0029306538783588337,1.0,3157.0,26274.0
Subgraph Discovery,rule_based_suspicious_subgraph_score,classical,4,0.03694657670127752,0.0011090979987784522,0.03694657670127752,True,,,0.0,1.0,,1.03544732163893,48344,,,,,,100.0,,,0.06,0.25,0.832413118450723,0.03694657670127752,0.0056563752062220125,1.0,0.0006718172657037286,1.0,4243.0,38701.0
Subgraph Discovery,dynamic_burst_detection_incremental,dynamic,4,0.24643581660501676,0.0008934329998737667,0.24643581660501676,True,,,-5.67005819233303,1.241389112485387,,1.03544732163893,48344,,,,,,100.0,,,0.16,0.6666666666666666,0.9867024804350709,0.24643581660501676,0.010983981693363844,1.0,0.0016458821295182629,1.0,2185.0,15797.0
Subgraph Discovery,supervised_suspicious_edge_subgraph_detector,ai_ml,4,0.49936880946703516,26.3620990899999,0.49936880946703516,True,,,-12.51596965273831,,,1.03544732163893,48344,,False,,,,100.0,,,0.23,0.9583333333333334,0.9954486669319538,0.49936880946703516,0.01038511466897447,1.0,0.0015419285968449768,1.0,2311.0,16862.0
Subgraph Discovery,graph_ai_message_passing_subgraph_discovery,graph_ai,4,0.09345251787618801,0.10753171000033035,0.09345251787618801,True,,,-1.5293958526056532,,,1.03544732163893,48344,,True,,,,100.0,,,0.09,0.375,0.972202878365831,0.09345251787618801,0.00757336699274219,1.0,0.0009959014823610526,1.0,3169.0,26107.0
Subgraph Discovery,rule_based_suspicious_subgraph_score,classical,5,0.08879395331612289,0.001048932999765384,0.08879395331612289,True,,,0.0,1.0,,1.035459299928387,47715,,,,,,100.0,,,0.06,0.25,0.882429838496161,0.08879395331612289,0.005696653216235461,1.0,0.0009782148900169204,0.9736842105263158,4213.0,37824.0
Subgraph Discovery,dynamic_burst_detection_incremental,dynamic,5,0.2254377896556057,0.0010067700004583457,0.2254377896556057,True,,,-1.5388867286154668,1.041879475240465,,1.035459299928387,47715,,,,,,100.0,,,0.2,0.8333333333333334,0.9894840481863914,0.2254377896556057,0.009508716323296355,1.0,0.0020204168438962143,1.0,2524.0,18808.0
Subgraph Discovery,supervised_suspicious_edge_subgraph_detector,ai_ml,5,0.49410661237069425,32.112198756,0.49410661237069425,True,,,-4.564642567626011,,,1.035459299928387,47715,,False,,,,100.0,,,0.22,0.9166666666666666,0.994638602065131,0.49410661237069425,0.009795918367346938,1.0,0.0021264689423615,1.0,2450.0,17870.0
Subgraph Discovery,graph_ai_message_passing_subgraph_discovery,graph_ai,5,0.10862859863369466,0.09637765300067258,0.10862859863369466,True,,,-0.22337833351058003,,,1.035459299928387,47715,,True,,,,100.0,,,0.08,0.3333333333333333,0.9720429573735769,0.10862859863369466,0.006892230576441102,0.9166666666666666,0.0013441376396943047,0.9210526315789473,3192.0,26039.0
Subgraph Discovery,rule_based_suspicious_subgraph_score,classical,6,0.052511027766540756,0.001038751999658416,0.052511027766540756,True,,,0.0,1.0,,1.035393566802064,47157,,,,,,100.0,,,0.04,0.17391304347826086,0.9535669058674545,0.052511027766540756,0.0054879503698401335,1.0,0.00217952857604133,0.9878048780487805,4191.0,37164.0
Subgraph Discovery,dynamic_burst_detection_incremental,dynamic,6,0.5630686944107657,0.0009887220003292896,0.5630686944107657,True,,,-9.722865621943601,1.050600673710572,,1.035393566802064,47157,,,,,,100.0,,,0.22,0.9565217391304348,0.9954514520033425,0.5630686944107657,0.008731966590736523,1.0,0.004146230469737574,1.0,2634.0,19777.0
Subgraph Discovery,supervised_suspicious_edge_subgraph_detector,ai_ml,6,0.8929483766593362,39.04361720000088,0.8929483766593362,True,,,-16.004968568303468,,,1.035393566802064,47157,,False,,,,100.0,,,0.23,1.0,0.9989231657204882,0.8929483766593362,0.008107155445893549,1.0,0.0038008714193010105,1.0,2837.0,21574.0
Subgraph Discovery,graph_ai_message_passing_subgraph_discovery,graph_ai,6,0.1021131716010302,0.10097066099842777,0.1021131716010302,True,,,-0.9446043230198437,,,1.035393566802064,47157,,True,,,,100.0,,,0.08,0.34782608695652173,0.9764130219415753,0.1021131716010302,0.007133995037220843,1.0,0.003107973294451692,0.9878048780487805,3224.0,26062.0
Subgraph Discovery,rule_based_suspicious_subgraph_score,classical,7,0.08449893053421584,0.0010021950001828372,0.08449893053421584,True,,,0.0,1.0,,1.0354072724849508,46613,,,,,,100.0,,,0.1,0.4166666666666667,0.9151008702531647,0.08449893053421584,0.005792903692976104,1.0,0.0022337433125586012,1.0,4143.0,36262.0
Subgraph Discovery,dynamic_burst_detection_incremental,dynamic,7,0.598326300887464,0.000905127999430988,0.598326300887464,True,,,-6.080874244262605,1.107241186675112,,1.0354072724849508,46613,,,,,,100.0,,,0.13,0.5416666666666666,0.9883306962025318,0.598326300887464,0.009665726943213854,1.0,0.004491017964071856,1.0,2483.0,18036.0
Subgraph Discovery,supervised_suspicious_edge_subgraph_detector,ai_ml,7,0.7474066641516515,45.57285427500028,0.7474066641516515,True,,,-7.845161227798106,,,1.0354072724849508,46613,,False,,,,100.0,,,0.24,1.0,0.9971980485232068,0.7474066641516515,0.008559201141226819,1.0,0.003767091433355037,1.0,2804.0,21502.0
Subgraph Discovery,graph_ai_message_passing_subgraph_discovery,graph_ai,7,0.20640822980053455,0.10336392499993963,0.20640822980053455,True,,,-1.4427318605760866,,,1.0354072724849508,46613,,True,,,,100.0,,,0.15,0.625,0.9777162447257384,0.20640822980053455,0.007815043959622273,1.0,0.0033334705131898433,1.0,3071.0,24299.0
Subgraph Discovery,rule_based_suspicious_subgraph_score,classical,8,0.016679219887967493,0.0011666320006042952,0.016679219887967493,True,,,0.0,1.0,,1.0354274917335853,46032,,,,,,100.0,,,0.03,0.125,0.8304546650875115,0.016679219887967493,0.005850804485616773,1.0,0.0007328691828508611,1.0,4102.0,35477.0
Subgraph Discovery,dynamic_burst_detection_incremental,dynamic,8,0.16919942505763197,0.00105669399999897,0.16919942505763197,True,,,-9.144324866158376,1.1040395806216676,,1.0354274917335853,46032,,,,,,100.0,,,0.02,0.08333333333333333,0.9773243189893408,0.16919942505763197,0.009654062751407884,1.0,0.0014414014857523007,1.0,2486.0,18038.0
Subgraph Discovery,supervised_suspicious_edge_subgraph_detector,ai_ml,8,0.48009253356130843,51.75259136199929,0.48009253356130843,True,,,-27.783872194625275,,,1.0354274917335853,46032,,False,,,,100.0,,,0.22,0.9166666666666666,0.995394130806685,0.48009253356130843,0.009156810377718427,1.0,0.0013397918169638257,1.0,2621.0,19406.0
Subgraph Discovery,graph_ai_message_passing_subgraph_discovery,graph_ai,8,0.06026508187168329,0.09976325600109703,0.06026508187168329,True,,,-2.61318348678639,,,1.0354274917335853,46032,,True,,,,100.0,,,0.06,0.25,0.9482333201737071,0.06026508187168329,0.007897334649555774,1.0,0.0011001100110011,1.0,3039.0,23634.0
Subgraph Discovery,rule_based_suspicious_subgraph_score,classical,9,0.04758771943878427,0.001029046001349343,0.04758771943878427,True,,,0.0,1.0,,1.035398028637119,45484,,,,,,100.0,,,0.04,0.16666666666666666,0.8736948384554767,0.04758771943878427,0.0058823529411764705,1.0,0.0009747147525944614,0.8947368421052632,4080.0,34882.0
Subgraph Discovery,dynamic_burst_detection_incremental,dynamic,9,0.19722930835184999,0.0009913140002026921,0.19722930835184999,True,,,-3.144542135614655,1.038062612995414,,1.035398028637119,45484,,,,,,100.0,,,0.14,0.5833333333333334,0.9829015629104281,0.19722930835184999,0.00913937547600914,1.0,0.0019718748378392405,1.0,2626.0,19271.0
Subgraph Discovery,supervised_suspicious_edge_subgraph_detector,ai_ml,9,0.8055533279155513,59.93562585399923,0.8055533279155513,True,,,-15.92775651818735,,,1.035398028637119,45484,,False,,,,100.0,,,0.24,1.0,0.9986209613869188,0.8055533279155513,0.009716599190283401,1.0,0.002086858432036097,0.9736842105263158,2470.0,17730.0
Subgraph Discovery,graph_ai_message_passing_subgraph_discovery,graph_ai,9,0.09567473937751225,0.10027365300084057,0.09567473937751225,True,,,-1.0104922132397203,,,1.035398028637119,45484,,True,,,,100.0,,,0.11,0.4583333333333333,0.9687417914368269,0.09567473937751225,0.007931262392597489,1.0,0.001455541761205531,0.8947368421052632,3026.0,23359.0
Subgraph Discovery,rule_based_suspicious_subgraph_score,classical,10,0.0928615452708593,0.00107745400055137,0.0928615452708593,True,,,0.0,1.0,,1.0353666674336732,44996,,,,,,100.0,,,0.1,0.4166666666666667,0.966714182723817,0.0928615452708593,0.00571712652249565,0.9583333333333334,0.002031742292629781,0.9078947368421053,4023.0,33961.0
Subgraph Discovery,dynamic_burst_detection_incremental,dynamic,10,0.47787889679531803,0.0009141480004473124,0.47787889679531803,True,,,-4.146144137505326,1.1786428456050315,,1.0353666674336732,44996,,,,,,100.0,,,0.23,0.9583333333333334,0.9930692095949665,0.47787889679531803,0.009244992295839754,1.0,0.004030333563133054,1.0,2596.0,18857.0
Subgraph Discovery,supervised_suspicious_edge_subgraph_detector,ai_ml,10,0.8007400638367552,65.92146856999898,0.8007400638367552,True,,,-7.622945714516705,,,1.0353666674336732,44996,,False,,,,100.0,,,0.24,1.0,0.9986564425219557,0.8007400638367552,0.009819967266775777,1.0,0.004330754128652269,0.9868421052631579,2444.0,17318.0
Subgraph Discovery,graph_ai_message_passing_subgraph_discovery,graph_ai,10,0.26730045784443274,0.09580747200016049,0.26730045784443274,True,,,-1.878483844574938,,,1.0353666674336732,44996,,True,,,,100.0,,,0.15,0.625,0.9819684755538078,0.26730045784443274,0.007270323859881031,0.9166666666666666,0.002763504469104884,0.8421052631578947,3026.0,23159.0
Subgraph Discovery,rule_based_suspicious_subgraph_score,classical,11,0.05861700763817727,0.0010743269995145965,0.05861700763817727,True,,,0.0,1.0,,1.035366335712791,44528,,,,,,100.0,,,0.1,0.4166666666666667,0.8972887231815803,0.05861700763817727,0.006039255158530448,1.0,0.0023854097469653964,1.0,3974.0,33118.0
Subgraph Discovery,dynamic_burst_detection_incremental,dynamic,11,0.5186458871891502,0.0009070559990504989,0.5186458871891502,True,,,-7.848044417254695,1.184410886030406,,1.035366335712791,44528,,,,,,100.0,,,0.14,0.5833333333333334,0.9876210099424385,0.5186458871891502,0.009241432422025414,1.0,0.004180557760491083,1.0,2597.0,18897.0
Subgraph Discovery,supervised_suspicious_edge_subgraph_detector,ai_ml,11,0.8107119335102484,72.99759212900062,0.8107119335102484,True,,,-12.830660522872403,,,1.035366335712791,44528,,False,,,,100.0,,,0.23,0.9583333333333334,0.9980540293040293,0.8107119335102484,0.009170806266717615,1.0,0.00412381896956726,1.0,2617.0,19157.0
Subgraph Discovery,graph_ai_message_passing_subgraph_discovery,graph_ai,11,0.11271644285192552,0.0921382150008867,0.11271644285192552,True,,,-0.9229306884391908,,,1.035366335712791,44528,,True,,,,100.0,,,0.12,0.5,0.9617346938775512,0.11271644285192552,0.008270158511371467,1.0,0.0036112634850978243,1.0,2902.0,21876.0
Subgraph Discovery,rule_based_suspicious_subgraph_score,classical,12,0.021716106051759537,0.0011010460002580658,0.021716106051759537,True,,,0.0,1.0,,1.035397605663617,44022,,,,,,100.0,,,0.04,0.16666666666666666,0.8610784697741218,0.021716106051759537,0.006071338224133569,1.0,0.0007974726252185382,1.0,3953.0,32603.0
Subgraph Discovery,dynamic_burst_detection_incremental,dynamic,12,0.11066482198243145,0.0009936579990608152,0.11066482198243145,True,,,-4.095979072798131,1.1080734028194323,,1.035397605663617,44022,,,,,,100.0,,,0.03,0.125,0.9681828567698133,0.11066482198243145,0.0093603744149766,1.0,0.0014138887378323999,1.0,2564.0,18389.0
Subgraph Discovery,supervised_suspicious_edge_subgraph_detector,ai_ml,12,0.32430923302977616,80.65868613100065,0.32430923302977616,True,,,-13.934041685779073,,,1.035397605663617,44022,,False,,,,100.0,,,0.21,0.875,0.9909583496540019,0.32430923302977616,0.008833271991166729,1.0,0.0013239637437620938,1.0,2717.0,19638.0
Subgraph Discovery,graph_ai_message_passing_subgraph_discovery,graph_ai,12,0.033584517812890034,0.09245164800086059,0.033584517812890034,True,,,-0.5465257782791526,,,1.035397605663617,44022,,True,,,,100.0,,,0.03,0.125,0.9324405927666798,0.033584517812890034,0.007694998251136761,0.9166666666666666,0.0010898407884761183,0.8846153846153846,2859.0,21104.0
Subgraph Discovery,rule_based_suspicious_subgraph_score,classical,13,0.03683576640012941,0.0010933200010185828,0.03683576640012941,True,,,0.0,1.0,,1.0353797137286604,43546,,,,,,100.0,,,0.04,0.16666666666666666,0.9013389366692729,0.03683576640012941,0.006145966709346991,1.0,0.0011326453561540397,0.9473684210526315,3905.0,31784.0
Subgraph Discovery,dynamic_burst_detection_incremental,dynamic,13,0.0971292085121321,0.0009095290006371215,0.0971292085121321,True,,,-1.6368179083628587,1.2020727214335294,,1.0353797137286604,43546,,,,,,100.0,,,0.1,0.4166666666666667,0.9726755929111285,0.0971292085121321,0.010173802458668928,1.0,0.002285361334156887,0.9736842105263158,2359.0,16190.0
Subgraph Discovery,supervised_suspicious_edge_subgraph_detector,ai_ml,13,0.5510414891098757,88.75302270300017,0.5510414891098757,True,,,-13.959414258527273,,,1.0353797137286604,43546,,False,,,,100.0,,,0.19,0.7916666666666666,0.9917741725306228,0.5510414891098757,0.009459992116673236,1.0,0.001986491855383393,0.9210526315789473,2537.0,17619.0
Subgraph Discovery,graph_ai_message_passing_subgraph_discovery,graph_ai,13,0.050257971121288256,0.091840516000957,0.050257971121288256,True,,,-0.3643796785808614,,,1.0353797137286604,43546,,True,,,,100.0,,,0.06,0.25,0.9504658587438102,0.050257971121288256,0.008281573498964804,1.0,0.001597218959928595,0.8947368421052632,2898.0,21287.0
Subgraph Discovery,rule_based_suspicious_subgraph_score,classical,14,0.07669615020193171,0.000999346000753576,0.07669615020193171,True,,,0.0,1.0,,1.0353217833661275,43146,,,,,,100.0,,,0.09,0.375,0.9506681623097932,0.07669615020193171,0.00625,1.0,0.002977731745209736,0.968421052631579,3840.0,30896.0
Subgraph Discovery,dynamic_burst_detection_incremental,dynamic,14,0.48668325251743505,0.0009029379998537479,0.48668325251743505,True,,,-5.345602109572081,1.106771451545337,,1.0353217833661275,43146,,,,,,100.0,,,0.15,0.625,0.9890346599037586,0.48668325251743505,0.009990917347865577,0.9166666666666666,0.005787431061482944,0.8947368421052632,2202.0,14687.0
Subgraph Discovery,supervised_suspicious_edge_subgraph_detector,ai_ml,14,0.8736405956060243,97.64554343499913,0.8736405956060243,True,,,-10.390931530537504,,,1.0353217833661275,43146,,False,,,,100.0,,,0.23,0.9583333333333334,0.9970899986994408,0.8736405956060243,0.009324009324009324,1.0,0.00521497919556172,0.9894736842105263,2574.0,18025.0
Subgraph Discovery,graph_ai_message_passing_subgraph_discovery,graph_ai,14,0.14089610921143053,0.09635970799899951,0.14089610921143053,True,,,-0.837068859916281,,,1.0353217833661275,43146,,True,,,,100.0,,,0.12,0.5,0.9764436207569254,0.14089610921143053,0.007919366450683946,0.9166666666666666,0.00430172068827531,0.9052631578947369,2778.0,19992.0
Subgraph Discovery,rule_based_suspicious_subgraph_score,classical,15,0.06041877965273991,0.0010653219997038832,0.06041877965273991,True,,,0.0,1.0,,1.03532575775931,42731,,,,,,100.0,,,0.09,0.375,0.9282434449636553,0.06041877965273991,0.006340819022457068,1.0,0.0021873135812288725,1.0,3785.0,30174.0
Subgraph Discovery,dynamic_burst_detection_incremental,dynamic,15,0.310766700658289,0.0009606470011931378,0.310766700658289,True,,,-4.143544812464549,1.1089630201111724,,1.03532575775931,42731,,,,,,100.0,,,0.14,0.5833333333333334,0.9776820482866044,0.310766700658289,0.011516314779270634,1.0,0.004910348932371103,1.0,2084.0,13441.0
Subgraph Discovery,supervised_suspicious_edge_subgraph_detector,ai_ml,15,0.5995939961897674,103.40686163999999,0.5995939961897674,True,,,-8.923967343199667,,,1.03532575775931,42731,,False,,,,100.0,,,0.19,0.7916666666666666,0.9912707684319834,0.5995939961897674,0.009156810377718427,1.0,0.0035396331652901426,1.0,2621.0,18646.0
Subgraph Discovery,graph_ai_message_passing_subgraph_discovery,graph_ai,15,0.09504450969120387,0.0946249490007176,0.09504450969120387,True,,,-0.5730954884801903,,,1.03532575775931,42731,,True,,,,100.0,,,0.08,0.3333333333333333,0.9617731048805814,0.09504450969120387,0.008921933085501859,1.0,0.0034709439915855903,1.0,2690.0,19015.0
Subgraph Discovery,rule_based_suspicious_subgraph_score,classical,16,0.06563035242229309,0.0011240299991186475,0.06563035242229309,True,,,0.0,1.0,,1.0353497025630982,42293,,,,,,100.0,,,0.05,0.20833333333333334,0.8403047674569245,0.06563035242229309,0.006330783434450013,1.0,0.0008666666666666666,1.0,3791.0,30000.0
Subgraph Discovery,dynamic_burst_detection_incremental,dynamic,16,0.11893145512702229,0.0009559110003465321,0.11893145512702229,True,,,-0.8121410405016211,1.1758730663327128,,1.0353497025630982,42293,,,,,,100.0,,,0.02,0.08333333333333333,0.9601308459645032,0.11893145512702229,0.0116335433834222,1.0,0.00196969696969697,1.0,2063.0,13200.0
Subgraph Discovery,supervised_suspicious_edge_subgraph_detector,ai_ml,16,0.22700925688724893,110.62074326799848,0.22700925688724893,True,,,-2.458906565464963,,,1.0353497025630982,42293,,False,,,,100.0,,,0.16,0.6666666666666666,0.9846887550200804,0.22700925688724893,0.00978393803505911,1.0,0.0015678707109690647,1.0,2453.0,16583.0
Subgraph Discovery,graph_ai_message_passing_subgraph_discovery,graph_ai,16,0.05165737810558793,0.09330183800011582,0.05165737810558793,True,,,0.21290414878160657,,,1.0353497025630982,42293,,True,,,,100.0,,,0.03,0.125,0.9418804249255085,0.05165737810558793,0.008717762440973484,1.0,0.0013402061855670104,1.0,2753.0,19400.0
Subgraph Discovery,rule_based_suspicious_subgraph_score,classical,17,0.06357789745886165,0.0010539129998505814,0.06357789745886165,True,,,0.0,1.0,,1.0353249449978987,41882,,,,,,100.0,,,0.04,0.16666666666666666,0.9029124644427204,0.06357789745886165,0.006073409030895168,0.9583333333333334,0.0010074890015783994,0.7894736842105263,3787.0,29777.0
Subgraph Discovery,dynamic_burst_detection_incremental,dynamic,17,0.1067546914193649,0.0009209549989463994,0.1067546914193649,True,,,-0.6791164175952968,1.1443697043354886,,1.0353249449978987,41882,,,,,,100.0,,,0.02,0.08333333333333333,0.9674570080165503,0.1067546914193649,0.010154738878143133,0.875,0.0018003150551346486,0.631578947368421,2068.0,13331.0
Subgraph Discovery,supervised_suspicious_edge_subgraph_detector,ai_ml,17,0.5303769450240572,118.93303451199972,0.5303769450240572,True,,,-7.3421592443701025,,,1.0353249449978987,41882,,False,,,,100.0,,,0.19,0.7916666666666666,0.9895267649340574,0.5303769450240572,0.009025949605114705,1.0,0.002058058925476603,1.0,2659.0,18464.0
Subgraph Discovery,graph_ai_message_passing_subgraph_discovery,graph_ai,17,0.0855217835966823,0.0929063359999418,0.0855217835966823,True,,,-0.34514960410604234,,,1.0353249449978987,41882,,True,,,,100.0,,,0.03,0.125,0.9631658908714765,0.0855217835966823,0.00870195794053662,1.0,0.0014982434387270098,0.7631578947368421,2758.0,19356.0
Subgraph Discovery,rule_based_suspicious_subgraph_score,classical,18,0.12256517476705014,0.0011058529998990707,0.12256517476705014,True,,,0.0,1.0,,1.035237240829346,41542,,,,,,100.0,,,0.14,0.5833333333333334,0.9695525229061814,0.12256517476705014,0.006391478029294274,1.0,0.0031123879882344893,0.9891304347826086,3755.0,29238.0
Subgraph Discovery,dynamic_burst_detection_incremental,dynamic,18,0.39492005617283715,0.0007966480006871279,0.39492005617283715,True,,,-2.22212289847773,1.388132523956937,,1.035237240829346,41542,,,,,,100.0,,,0.13,0.5416666666666666,0.9891276293715318,0.39492005617283715,0.010355029585798817,0.875,0.006257822277847309,0.8695652173913043,2028.0,12784.0
Subgraph Discovery,supervised_suspicious_edge_subgraph_detector,ai_ml,18,0.8953610350225572,127.13027670100018,0.8953610350225572,True,,,-6.3051830320015325,,,1.035237240829346,41542,,False,,,,100.0,,,0.23,0.9583333333333334,0.9987095109046329,0.8953610350225572,0.009153318077803204,1.0,0.005101474991682378,1.0,2622.0,18034.0
Subgraph Discovery,graph_ai_message_passing_subgraph_discovery,graph_ai,18,0.20999585984841113,0.09002707699983148,0.20999585984841113,True,,,-0.713340353387767,,,1.035237240829346,41542,,True,,,,100.0,,,0.12,0.5,0.9770373596593109,0.20999585984841113,0.009005481597494126,0.9583333333333334,0.004978868754703873,0.9347826086956522,2554.0,17273.0
Subgraph Discovery,rule_based_suspicious_subgraph_score,classical,19,0.10769346892199504,0.0012942899993504398,0.10769346892199504,True,,,0.0,1.0,,1.03527252614642,41179,,,,,,100.0,,,0.07,0.30434782608695654,0.9107927203097311,0.10769346892199504,0.006189451022604951,1.0,0.0023071276261054986,1.0,3716.0,28607.0
Subgraph Discovery,dynamic_burst_detection_incremental,dynamic,19,0.24589409562885978,0.0009017270003823796,0.24589409562885978,True,,,-1.283277696319419,1.4353457296960086,,1.03527252614642,41179,,,,,,100.0,,,0.12,0.5217391304347826,0.9719998992197931,0.24589409562885978,0.010613751730503,1.0,0.004701859371660611,1.0,2167.0,14037.0
Subgraph Discovery,supervised_suspicious_edge_subgraph_detector,ai_ml,19,0.5931574029217404,132.66636076099894,0.5931574029217404,True,,,-4.507830779890455,,,1.03527252614642,41179,,False,,,,100.0,,,0.16,0.6956521739130435,0.9849249607377112,0.5931574029217404,0.008070175438596491,1.0,0.0032811334824757645,1.0,2850.0,20115.0
Subgraph Discovery,graph_ai_message_passing_subgraph_discovery,graph_ai,19,0.16728252057239779,0.101143731000775,0.16728252057239779,True,,,-0.5533209418072003,,,1.03527252614642,41179,,True,,,,100.0,,,0.09,0.391304347826087,0.9642986117526517,0.16728252057239779,0.009292929292929294,1.0,0.004011182691138933,1.0,2475.0,16454.0
